Category,Subcategory,Product / Release,Brand / Creator,Release Date / Window,Status,Price,SKU / Identifier,Region / Platform,Source URL,Source Type,Verification Notes
Sneakers,Basketball,Nike PG 1 “Flip The Switch” 2026,Nike,2026-08-22,Confirmed,,IV2869-002,Global/US,https://www.sneakerfiles.com/release-dates/,Release calendar,Future-dated on source
Sneakers,Lifestyle,adidas Jellyfish “Crystal Sand”,adidas,2026-08-22,Confirmed,$300,KH6729,Global/US,https://www.sneakerfiles.com/release-dates/,Release calendar,Future-dated on source
Sneakers,Lifestyle,Air Jordan 1 Low OG “Laser”,Jordan,2026-08-22,Confirmed,$165,IV6750-001,Global/US,https://www.sneakerfiles.com/release-dates/,Release calendar,Future-dated on source
Sneakers,Football-inspired,Nike Cryoshot Tiempo 94 OG,Nike,2026-08-22,Confirmed,$200,IQ8158-001,Global/US,https://www.sneakerfiles.com/release-dates/,Release calendar,Future-dated on source
Sneakers,Basketball,Nike Kobe 10 Protro “Halo”,Nike,2026-08-23,Confirmed,TBA,IO3415-100,Global/US,https://www.sneakerfiles.com/release-dates/,Release calendar,Future-dated on source
Sneakers,Basketball,Awake NY x Air Jordan 6 “Blueberry”,Jordan / Awake NY,2026-08-23,Confirmed,$230,IQ5706-400,Global/US,https://www.sneakerfiles.com/release-dates/,Release calendar,Future-dated on source
Sneakers,Basketball,Awake NY x Air Jordan 6 “Bubblegum”,Jordan / Awake NY,2026-08-23,Confirmed,$230,IQ5706-600,Global/US,https://www.sneakerfiles.com/release-dates/,Release calendar,Future-dated on source
Sneakers,Basketball,Air Jordan 12 “Sumo”,Jordan,2026-08-23,Confirmed,$215,IW1218-098,Global/US,https://www.sneakerfiles.com/release-dates/,Release calendar,Future-dated on source
Sneakers,Basketball,Zellerfeld x Reebok Question 96/26,Reebok / Zellerfeld,2026-08-25,Confirmed,$170,,Global/US,https://www.sneakerfiles.com/release-dates/,Release calendar,Future-dated on source
Sneakers,Skate,Nike SB Air Force 1 Low “Light Chocolate”,Nike,2026-08-25,Confirmed,$120,HM8517-201,Global/US,https://www.sneakerfiles.com/release-dates/,Release calendar,Future-dated on source
Sneakers,Basketball,Chevy x Nike Book 2 “Pretty Penny”,Nike / Chevy,2026-08-26,Confirmed,$155,IO9841-100,Global/US,https://www.sneakerfiles.com/release-dates/,Release calendar,Future-dated on source
Sneakers,Lifestyle,A$AP Rocky x PUMA Straycat,PUMA / A$AP Rocky,2026-08-27,Confirmed,,408509-01,Global/US,https://www.sneakerfiles.com/release-dates/,Release calendar,Future-dated on source
Sneakers,Running/Lifestyle,Albino & Preto x atmos x ASICS Gel-Kayano 12.1 Pack,ASICS,2026-08-28,Confirmed,$175,,Global/US,https://www.sneakerfiles.com/release-dates/,Release calendar,Future-dated on source
Sneakers,Lifestyle,Westside Gunn x Saucony Grid Jazz 9 “Awesome Gods”,Saucony,2026-08-28,Confirmed,$225,S71047-5,Global/US,https://www.sneakerfiles.com/release-dates/,Release calendar,Future-dated on source
Sneakers,Basketball,Nike Sabrina 4 “Desert Pink”,Nike,2026-08-28,Confirmed,$135,II0402-600,Global/US,https://www.sneakerfiles.com/release-dates/,Release calendar,Future-dated on source
Sneakers,Lifestyle,Outkast x Nike Air Force 1 O96 “ATLiens”,Nike / Outkast,2026-08-29,Confirmed,,IQ0966-001,Global/US,https://www.sneakerfiles.com/release-dates/,Release calendar,Future-dated on source
Sneakers,Basketball,Nike Sabrina 4 “Light Work”,Nike,2026-08-29,Confirmed,$135,II0402-101,Global/US,https://www.sneakerfiles.com/release-dates/,Release calendar,Future-dated on source
Sneakers,Basketball,Air Jordan 8 “Chrome” 2026,Jordan,2026-08-29,Confirmed,$215,305381-007,Global/US,https://www.sneakerfiles.com/release-dates/,Release calendar,Future-dated on source
Sneakers,Basketball,Nike Kobe 3 Low Protro “Electric Green”,Nike,2026-09-01,Confirmed,$190,IV7127-300,Global/US,https://www.sneakerfiles.com/release-dates/,Release calendar,Future-dated on source
Sneakers,Basketball,Nike Kobe 3 Low Protro “Pure Platinum”,Nike,2026-09-01,Confirmed,$190,IV7127-001,Global/US,https://www.sneakerfiles.com/release-dates/,Release calendar,Future-dated on source
Sneakers,Basketball,Nike Zoom Hyperflight “Varsity Red”,Nike,2026-09-01,Confirmed,$170,IR0962-601,Global/US,https://www.sneakerfiles.com/release-dates/,Release calendar,Future-dated on source
Sneakers,Basketball,Nike Sabrina 4 “King of the Court”,Nike,2026-09-01,Confirmed,$117,IR0178-400,Global/US,https://www.sneakerfiles.com/release-dates/,Release calendar,Future-dated on source
Sneakers,Lifestyle,Air Jordan 1 High OG “Nails and Grails”,Jordan,2026-09-02,Confirmed,$185,FD2596-601,Global/US,https://www.sneakerfiles.com/release-dates/,Release calendar,Future-dated on source
Sneakers,Basketball,Nike Kobe 8 Protro “Mambacurial”,Nike,2026-09-19,Confirmed,$200,IO6253-500,Global/US,https://www.sneakerfiles.com/release-dates/,Release calendar,Future-dated on source
Sneakers,Collection,Pokémon x adidas 30th Anniversary Collection,adidas / Pokémon,2026-09-19,Confirmed,$110-$180,,Global/US,https://www.sneakerfiles.com/release-dates/,Release calendar,Future-dated on source
Sneakers,Basketball,Air Jordan 4 “London”,Jordan,2026-09-19,Confirmed,$220,IV6048-001,Global/US,https://www.sneakerfiles.com/release-dates/,Release calendar,Future-dated on source
Sneakers,Basketball,Air Jordan 9 OG “Space Jam” 2026,Jordan,2026-09-19,Confirmed,$215,HV4794-106,Global/US,https://www.sneakerfiles.com/release-dates/,Release calendar,Future-dated on source
Sneakers,Basketball,Air Jordan 5 “Sunset” 2026,Jordan,2026-09-25,Confirmed,$205,IV5678-102,Global/US,https://www.sneakerfiles.com/release-dates/,Release calendar,Future-dated on source
Sneakers,Basketball,J Balvin x Air Jordan 4 “Multi-Color”,Jordan / J Balvin,2026-09-25,Confirmed,$225,IW2872-700,Global/US,https://www.sneakerfiles.com/release-dates/,Release calendar,Future-dated on source
Sneakers,Basketball,Air Jordan 8 “Cavs”,Jordan,2026-09-26,Confirmed,$205,305381-005,Global/US,https://www.sneakerfiles.com/release-dates/,Release calendar,Future-dated on source
Sneakers,Basketball,NOCTA x Nike KD 19,Nike / NOCTA,2026-09-26,Confirmed,$155,,Global/US,https://www.sneakerfiles.com/release-dates/,Release calendar,Future-dated on source
Sneakers,Tennis,Travis Scott x Nike Zoom Vapor 12,Nike / Travis Scott,2026-09-26,Confirmed,$170,JJ2180-100,Global/US,https://www.sneakerfiles.com/release-dates/,Release calendar,Future-dated on source
Sneakers,Lifestyle,Supreme x Nike Air Max 2000,Nike / Supreme,2026-09-26,Confirmed,$180,IM7412-600,Global/US,https://www.sneakerfiles.com/release-dates/,Release calendar,Future-dated on source
Sneakers,Lifestyle,Air Jordan 1 Low OG “Last Dance at the Garden”,Jordan,2026-09-26,Confirmed,$145,IR0088-001,Global/US,https://www.sneakerfiles.com/release-dates/,Release calendar,Future-dated on source
Sneakers,Basketball,Nike Kobe 3 Protro “Orca” 2026,Nike,2026-09-26,Confirmed,$210,IQ5340-001,Global/US,https://www.sneakerfiles.com/release-dates/,Release calendar,Future-dated on source
Sneakers,Lifestyle,Pokemon x adidas ZX 8000 “Mewtwo”,adidas / Pokémon,2026-09-26,Confirmed,,KI5326,Global/US,https://www.sneakerfiles.com/release-dates/,Release calendar,Future-dated on source
Sneakers,Basketball,Nike LeBron 23 Hyper Pink,Nike,2026-09-26,Confirmed,$200,JF4656-600,Global/US,https://www.sneakerfiles.com/release-dates/,Release calendar,Future-dated on source
Sneakers,Lifestyle,APB x Air Jordan 11 Low,Jordan / APB,2026-09-26,Confirmed,$200,IU8266-400,Global/US,https://www.sneakerfiles.com/release-dates/,Release calendar,Future-dated on source
Sneakers,Basketball,Air Jordan 11 “Lapis”,Jordan,2026-11-11,Confirmed,$235,IZ1800-400,Global/US,https://www.sneakerfiles.com/release-dates/,Release calendar,Future-dated on source
Sneakers,Basketball,Playa Society x Nike A’Two,Nike / Playa Society,2026-11-15,Confirmed,$155,IX6704-200,Global/US,https://www.sneakerfiles.com/release-dates/,Release calendar,Future-dated on source
Sneakers,Basketball,Air Jordan 3 “Santa”,Jordan,2026-11-21,Confirmed,$165,IF4396-601,Global/US,https://www.sneakerfiles.com/release-dates/,Release calendar,Future-dated on source
Sneakers,Basketball,Air Jordan 3 “Not Nice”,Jordan,2026-11-21,Confirmed,$215,IF4396-001,Global/US,https://www.sneakerfiles.com/release-dates/,Release calendar,Future-dated on source
Sneakers,Basketball,Nike Caitlin 1 “Snow White”,Nike,2026-11-21,Confirmed,$140,IH7423-100,Global/US,https://www.sneakerfiles.com/release-dates/,Release calendar,Future-dated on source
Sneakers,Basketball,Nike Air Foamposite Pro “Dr. Doom”,Nike,2026-11-27,Confirmed,$240,HF0794-003,Global/US,https://www.sneakerfiles.com/release-dates/,Release calendar,Future-dated on source
Sneakers,Skate,Nike SB Dunk Low “Green Patent”,Nike,2026-11-28,Confirmed,$130,IQ0431-300,Global/US,https://www.sneakerfiles.com/release-dates/,Release calendar,Future-dated on source
Sneakers,Basketball,Nike Caitlin 1 “Yellow Zest”,Nike,2026-11-28,Confirmed,$140,IH7423-700,Global/US,https://www.sneakerfiles.com/release-dates/,Release calendar,Future-dated on source
Sneakers,Basketball,Air Jordan 4 “Bred” 2026,Jordan,2026-11-28,Confirmed,$230,IX8180-001,Global/US,https://www.sneakerfiles.com/release-dates/,Release calendar,Future-dated on source
Sneakers,Basketball,Air Jordan 10 “Sacramento”,Jordan,2026-12-05,Confirmed,$215,HJ6779-002,Global/US,https://www.sneakerfiles.com/release-dates/,Release calendar,Future-dated on source
Sneakers,Lifestyle,JAIDE x Air Jordan 1 Low OG,Jordan / JAIDE,2026-12-11,Confirmed,$150,JA5925-100,Global/US,https://www.sneakerfiles.com/release-dates/,Release calendar,Future-dated on source
Sneakers,Basketball,Air Jordan 11 “Space Jam” 2026,Jordan,2026-12-12,Confirmed,$235,CT8012-900,Global/US,https://www.sneakerfiles.com/release-dates/,Release calendar,Future-dated on source
Sneakers,Skate,Fly Streetwear x Nike SB Air Force 1 Low “University Gold”,Nike / Fly Streetwear,2026-12-19,Confirmed,$120,IV5289-001,Global/US,https://www.sneakerfiles.com/release-dates/,Release calendar,Future-dated on source
Sneakers,Basketball,Air Jordan 4 “Pink Thunder”,Jordan,2026-12-19,Confirmed,$220,,Global/US,https://www.sneakerfiles.com/release-dates/,Release calendar,Future-dated on source
Sneakers,Basketball,Air Jordan 8 “Knicks”,Jordan,2026-12-24,Confirmed,$215,IX8479-010,Global/US,https://www.sneakerfiles.com/release-dates/,Release calendar,Future-dated on source
Gaming,PC/Console,.45 Parabellum Bloodhound,Sukeban Games,Q3 2026,Announced,,,PC,https://en.wikipedia.org/wiki/List_of_video_games_released_in_2026,Release list,Approximate date
Gaming,PC/Console,007 First Light,IO Interactive,Q3 2026,Announced,,,Nintendo Switch 2,https://en.wikipedia.org/wiki/List_of_video_games_released_in_2026,Release list,Port listed for Q3
Gaming,PC/Console,171,Betagames Group,Q3 2026,Announced,,,PC/Switch/PlayStation/Xbox,https://en.wikipedia.org/wiki/List_of_video_games_released_in_2026,Release list,Full release
Gaming,PC/Console,Acts of Blood,Eksil Team,Q3 2026,Announced,,,PC,https://en.wikipedia.org/wiki/List_of_video_games_released_in_2026,Release list,Approximate date
Gaming,PC/Console,Age of Empires IV: Raiders of the North,Relic Entertainment / World's Edge,Q4 2026,Announced,,,PC/PlayStation/Xbox,https://en.wikipedia.org/wiki/List_of_video_games_released_in_2026,Release list,Expansion
Gaming,PC/Console,Aliens: Fireteam Elite 2,Cold Iron Studios,Q3/Q4 2026,Announced,,,Nintendo Switch 2,https://en.wikipedia.org/wiki/List_of_video_games_released_in_2026,Release list,Port
Gaming,PC/Console,Alpha Nomos,RibCage Games,Q3 2026,Announced,,,PC,https://en.wikipedia.org/wiki/List_of_video_games_released_in_2026,Release list,Original
Gaming,PC/Console,Animal Use Protocol,The Brotherhood,Q3/Q4 2026,Announced,,,PC,https://en.wikipedia.org/wiki/List_of_video_games_released_in_2026,Release list,Survival horror
Gaming,PC/Console,ArcheAge Chronicles,XL Games,Q4 2026,Announced,,,PC,https://en.wikipedia.org/wiki/List_of_video_games_released_in_2026,Release list,Early access
Gaming,PC/Console,Armatus,Counterplay Games,Q4 2026,Announced,,,PC/Switch 2/PS5/Xbox Series,https://en.wikipedia.org/wiki/List_of_video_games_released_in_2026,Release list,Original
Gaming,PC/Console,Ascenders: Beyond the Peak,Ludogram,Q3 2026,Announced,,,PC,https://en.wikipedia.org/wiki/List_of_video_games_released_in_2026,Release list,Early access
Gaming,PC/Console,Asylum,Senscape,Q4 2026,Announced,,,Switch/PS4/PS5/Xbox Series,https://en.wikipedia.org/wiki/List_of_video_games_released_in_2026,Release list,Port
Gaming,PC/Console,Atmosfar,Apog Labs,Q3/Q4 2026,Announced,,,PC,https://en.wikipedia.org/wiki/List_of_video_games_released_in_2026,Release list,Early access
Gaming,PC/Console,The Wolf Among Us Remastered,Telltale Games,Q4 2026,Announced,,,PC/Switch/Switch 2/PS5/Xbox,https://en.wikipedia.org/wiki/List_of_video_games_released_in_2026,Release list,Remaster
Gaming,PC/Console,Xenoblade Chronicles 3 – Nintendo Switch 2 Edition,Nintendo / Monolith Soft,2026-12-03,Confirmed,,,Nintendo Switch 2,https://en.wikipedia.org/wiki/List_of_video_games_released_in_2026,Release list,Dated
Gaming,PC/Console,Attack on Titan 3,Koei Tecmo / Omega Force,2026-12-10,Confirmed,,,PC/Switch 2/PS5/Xbox Series,https://en.wikipedia.org/wiki/List_of_video_games_released_in_2026,Release list,Dated
Gaming,PC/Console,Ninja Baseball League-Man: Bases Loaded,City Connection / Irem,2026-12-10,Confirmed,,,PC/Switch 2/PS5/Xbox Series,https://en.wikipedia.org/wiki/List_of_video_games_released_in_2026,Release list,Dated
Gaming,PC/Console,Super Yanoman Collection,Edia,2026-12-10,Confirmed,,,PC/Switch/Switch 2/PS5,https://en.wikipedia.org/wiki/List_of_video_games_released_in_2026,Release list,Japan
Gaming,PC/Console,Uta no Prince-sama: Shining Live,Broccoli,2026-12-17,Confirmed,,,Nintendo Switch,https://en.wikipedia.org/wiki/List_of_video_games_released_in_2026,Release list,Japan port
Tech,Smartphone,iPhone 18 Pro,Apple,September 2026,Expected,,,Global,https://www.tomsguide.com/phones/iphones/apple-iphone-18-event-all-the-new-products-expected-to-launch-in-september,News / preview,Expected at September event
Tech,Smartphone,iPhone 18 Pro Max,Apple,September 2026,Expected,,,Global,https://www.tomsguide.com/phones/iphones/apple-iphone-18-event-all-the-new-products-expected-to-launch-in-september,News / preview,Expected at September event
Tech,Smartphone,Foldable iPhone Ultra,Apple,September 2026,Rumoured/Expected,"~$2,500",,Global,https://www.tomsguide.com/phones/iphones/apple-iphone-18-event-all-the-new-products-expected-to-launch-in-september,News / preview,Rumoured
Tech,Wearable,Apple Watch Series 12,Apple,September 2026,Expected,,,Global,https://www.tomsguide.com/phones/iphones/apple-iphone-18-event-all-the-new-products-expected-to-launch-in-september,News / preview,Expected
Tech,Wearable,Apple Watch Ultra 4,Apple,September 2026,Expected,,,Global,https://www.tomsguide.com/phones/iphones/apple-iphone-18-event-all-the-new-products-expected-to-launch-in-september,News / preview,Expected
Tech,Laptop platform,Googlebook laptops,Google + partners,2026-09-15 event,Confirmed event / products expected,,,Lenovo/ASUS/HP partners,https://www.androidcentral.com/chromebooks-laptops/google-announces-in-person-nyc-event-for-googlebooks-in-september,News,Hardware expected at official event
Fragrance,Eau de parfum,Chanel Coco Mademoiselle Crush Absolu,Chanel,August 2026,Upcoming/Launching,,,Global,https://nstperfume.com/new-perfumes-fragrances/,Release roundup,Listed as August launch
Fragrance,Fragrance,Ellis Brooklyn Plum Tonic,Ellis Brooklyn,August 2026,Upcoming/Launching,,,Global,https://nstperfume.com/new-perfumes-fragrances/,Release roundup,Listed as August launch
Fragrance,Fragrance,Frédéric Malle Northern Love,Frédéric Malle,September 2026,Upcoming,,,Global,https://nstperfume.com/new-perfumes-fragrances/,Release roundup,Listed as September launch
Fragrance,Fragrance,Juliette Has A Gun Purple Trouble,Juliette Has A Gun,Unknown 2026,Announced/Unknown date,,,Global,https://nstperfume.com/new-perfumes-fragrances/,Release roundup,Date unknown
Fragrance,Fragrance,Marc Jacobs Just Perfect,Marc Jacobs,Unknown 2026,Announced/Unknown date,,,Global,https://nstperfume.com/new-perfumes-fragrances/,Release roundup,Date unknown
Fragrance,Eau de parfum,In Ha Mood Eau de Parfum,Ice Spice / Revlon Fragrances,2026-08-23 in-store,Confirmed,,,US,https://www.byrdie.com/ice-spice-fragrance-interview-12062359,News,Online Aug 19; in-store Aug 23
Books,Fiction,Hollow Bones,Jodi Picoult,September 2026,Expected publication,,,Global,https://www.goodreads.com/book/legacy_popular_by_date/2026/September,Books calendar,Month page
Books,Fiction,The French Illusion,John Grisham,September 2026,Expected publication,,,Global,https://www.goodreads.com/book/legacy_popular_by_date/2026/September,Books calendar,Verify exact day with publisher
Books,Fiction,A Time of Witches,Madeline Martin,September 2026,Expected publication,,,Global,https://www.goodreads.com/book/legacy_popular_by_date/2026/September,Books calendar,Month page
Books,Fiction,Midnight Curfew,Penelope Douglas,September 2026,Expected publication,,,Global,https://www.goodreads.com/book/legacy_popular_by_date/2026/September,Books calendar,Month page
Books,YA/Fantasy,Espíritu (Cemetery Boys #2),Aiden Thomas,September 2026,Expected publication,,,Global,https://www.goodreads.com/book/legacy_popular_by_date/2026/September,Books calendar,Month page
Books,Fiction,I Am the Monster Under the Bed,Sabaa Tahir,September 2026,Expected publication,,,Global,https://www.goodreads.com/book/legacy_popular_by_date/2026/September,Books calendar,Month page
Books,Fiction,Love Felt Like This,T. Kingfisher,September 2026,Expected publication,,,Global,https://www.goodreads.com/book/legacy_popular_by_date/2026/September,Books calendar,Month page
Books,Fiction,If Not You,Ellen O'Clover,September 2026,Expected publication,,,Global,https://www.goodreads.com/book/legacy_popular_by_date/2026/September,Books calendar,Month page
Family,LEGO,10371 Botanicals (title TBA),LEGO,Unreleased / TBA,Unreleased,,10371-1,Global,https://brickset.com/sets/year-2026,Catalogue,Brickset says not yet released
Family,LEGO,10481 DUPLO (title TBA),LEGO,Unreleased / TBA,Unreleased,,10481-1,Global,https://brickset.com/sets/year-2026,Catalogue,Brickset says not yet released
Gaming & Play,Video game,Aerial_Knight's MrFreezy,,2026-09-01,Confirmed,,,PC,https://gameinformer.com/2026,Release calendar,Future-dated on Game Informer 2026 schedule
Gaming & Play,Video game,Crimson Moon,,2026-09-01,Confirmed,,,"PlayStation 5, Xbox Series X/S, PC",https://gameinformer.com/2026,Release calendar,Future-dated on Game Informer 2026 schedule
Gaming & Play,Video game,Moonlighter 2: The Endless Vault,,2026-09-02,Confirmed,,,"PlayStation 5, Xbox Series X/S, Switch 2, PC",https://gameinformer.com/2026,Release calendar,Future-dated on Game Informer 2026 schedule
Gaming & Play,Video game,Avatar Legends: The Fighting Game,,2026-09-03,Confirmed,,,Xbox Series X/S,https://gameinformer.com/2026,Release calendar,Future-dated on Game Informer 2026 schedule
Gaming & Play,Video game,BioEden,,2026-09-03,Confirmed,,,"PlayStation 5, Xbox Series X/S, Switch 2, PC",https://gameinformer.com/2026,Release calendar,Future-dated on Game Informer 2026 schedule
Gaming & Play,Video game,Marsupilami 2 - Salsa Palombia,,2026-09-03,Confirmed,,,"PlayStation 5, Xbox Series X/S, Switch, PC",https://gameinformer.com/2026,Release calendar,Future-dated on Game Informer 2026 schedule
Gaming & Play,Video game,NBA 2K27,,2026-09-03,Confirmed,,,"PlayStation 5, Xbox Series X/S, PC",https://gameinformer.com/2026,Release calendar,Future-dated on Game Informer 2026 schedule
Gaming & Play,Video game,Orbitals,,2026-09-03,Confirmed,,,Switch 2,https://gameinformer.com/2026,Release calendar,Future-dated on Game Informer 2026 schedule
Gaming & Play,Video game,SpeedRunners 2: King Of Speed,,2026-09-03,Confirmed,,,"PlayStation 5, Xbox Series X/S, Switch, PC",https://gameinformer.com/2026,Release calendar,Future-dated on Game Informer 2026 schedule
Gaming & Play,Video game,The Blood of Dawnwalker,,2026-09-03,Confirmed,,,"PlayStation 5, Xbox Series X/S, PC",https://gameinformer.com/2026,Release calendar,Future-dated on Game Informer 2026 schedule
Gaming & Play,Video game,Wo Long: Fallen Dynasty Complete Edition,,2026-09-03,Confirmed,,,Switch 2,https://gameinformer.com/2026,Release calendar,Future-dated on Game Informer 2026 schedule
Gaming & Play,Video game,My Hero Academia: All's Justice,,2026-09-04,Confirmed,,,Switch 2,https://gameinformer.com/2026,Release calendar,Future-dated on Game Informer 2026 schedule
Gaming & Play,Video game,Onimusha: Way of the Sword,,2026-09-04,Confirmed,,,"PlayStation 5, Xbox Series X/S, Switch 2, PC",https://gameinformer.com/2026,Release calendar,Future-dated on Game Informer 2026 schedule
Gaming & Play,Video game,WheelMates,,2026-09-07,Confirmed,,,PC,https://gameinformer.com/2026,Release calendar,Future-dated on Game Informer 2026 schedule
Gaming & Play,Video game,Broke Wizards,,2026-09-08,Confirmed,,,PC,https://gameinformer.com/2026,Release calendar,Future-dated on Game Informer 2026 schedule
Gaming & Play,Video game,Halloween,,2026-09-08,Confirmed,,,"PlayStation 5, Xbox Series X/S, PC",https://gameinformer.com/2026,Release calendar,Future-dated on Game Informer 2026 schedule
Gaming & Play,Video game,Lara Croft and the Temple of Osiris,,2026-09-08,Confirmed,,,"iOS, Android",https://gameinformer.com/2026,Release calendar,Future-dated on Game Informer 2026 schedule
Gaming & Play,Video game,Valheim,,2026-09-09,Confirmed,,,"PlayStation 5, Xbox Series X/S, Switch 2, Xbox One, PC",https://gameinformer.com/2026,Release calendar,Future-dated on Game Informer 2026 schedule
Gaming & Play,Video game,BrokenLore: Don't Lie,,2026-09-10,Confirmed,,,"PlayStation 5, Xbox Series X/S, PC",https://gameinformer.com/2026,Release calendar,Future-dated on Game Informer 2026 schedule
Gaming & Play,Video game,Hot Wheels Infinite Rush,,2026-09-10,Confirmed,,,"PlayStation 5, Xbox Series X/S, Switch 2, PC",https://gameinformer.com/2026,Release calendar,Future-dated on Game Informer 2026 schedule
Gaming & Play,Video game,Infinity: HexaDome Tactics,,2026-09-10,Confirmed,,,PC,https://gameinformer.com/2026,Release calendar,Future-dated on Game Informer 2026 schedule
Gaming & Play,Video game,The Legend of Heroes: Trails from Zero,,2026-09-10,Confirmed,,,"PlayStation 5, Switch 2",https://gameinformer.com/2026,Release calendar,Future-dated on Game Informer 2026 schedule
Gaming & Play,Video game,The Legend of Heroes: Trails to Azure,,2026-09-10,Confirmed,,,"PlayStation 5, Switch 2",https://gameinformer.com/2026,Release calendar,Future-dated on Game Informer 2026 schedule
Gaming & Play,Video game,NHL 27,,2026-09-11,Confirmed,,,"PlayStation 5, Xbox Series X/S",https://gameinformer.com/2026,Release calendar,Future-dated on Game Informer 2026 schedule
Gaming & Play,Video game,Marvel's Wolverine,,2026-09-15,Confirmed,,,PlayStation 5,https://gameinformer.com/2026,Release calendar,Future-dated on Game Informer 2026 schedule
Gaming & Play,Video game,RuneScape: Dragonwilds,,2026-09-15,Confirmed,,,"PlayStation 5, Xbox Series X/S, PC",https://gameinformer.com/2026,Release calendar,Future-dated on Game Informer 2026 schedule
Gaming & Play,Video game,Disney Epic Mickey: Rebrushed,,2026-09-16,Confirmed,,,"iOS, Android",https://gameinformer.com/2026,Release calendar,Future-dated on Game Informer 2026 schedule
Gaming & Play,Video game,Fallen Tear: The Ascension,,2026-09-16,Confirmed,,,PC,https://gameinformer.com/2026,Release calendar,Future-dated on Game Informer 2026 schedule
Gaming & Play,Video game,Roman Sands RE:Build,,2026-09-16,Confirmed,,,"PlayStation 5, Xbox Series X/S, Switch, PC",https://gameinformer.com/2026,Release calendar,Future-dated on Game Informer 2026 schedule
Gaming & Play,Video game,Woodo,,2026-09-16,Confirmed,,,"PlayStation 5, Xbox Series X/S, Switch 2, Switch, PC",https://gameinformer.com/2026,Release calendar,Future-dated on Game Informer 2026 schedule
Gaming & Play,Video game,Absolum,,2026-09-17,Confirmed,,,Switch 2,https://gameinformer.com/2026,Release calendar,Future-dated on Game Informer 2026 schedule
Gaming & Play,Video game,Another Eden Begins,,2026-09-17,Confirmed,,,"Switch 2, Switch, PC",https://gameinformer.com/2026,Release calendar,Future-dated on Game Informer 2026 schedule
Gaming & Play,Video game,Dave The Diver,,2026-09-17,Confirmed,,,"iOS, Android",https://gameinformer.com/2026,Release calendar,Future-dated on Game Informer 2026 schedule
Gaming & Play,Video game,Endless Legend 2,,2026-09-17,Confirmed,,,"PlayStation 5, Xbox Series X/S, PC",https://gameinformer.com/2026,Release calendar,Future-dated on Game Informer 2026 schedule
Gaming & Play,Video game,Fire Emblem: Fortune's Weave,,2026-09-17,Confirmed,,,Switch 2,https://gameinformer.com/2026,Release calendar,Future-dated on Game Informer 2026 schedule
Gaming & Play,Video game,Granblue Fantasy Versus: Rising,,2026-09-17,Confirmed,,,Switch 2,https://gameinformer.com/2026,Release calendar,Future-dated on Game Informer 2026 schedule
Gaming & Play,Video game,Mr. Sleepy Man,,2026-09-17,Confirmed,,,Switch,https://gameinformer.com/2026,Release calendar,Future-dated on Game Informer 2026 schedule
Gaming & Play,Video game,Trails in the Sky 2nd Chapter,,2026-09-17,Confirmed,,,"PlayStation 5, Switch 2, Switch, PC",https://gameinformer.com/2026,Release calendar,Future-dated on Game Informer 2026 schedule
Gaming & Play,Video game,Trine 6: Together in Time,,2026-09-17,Confirmed,,,"PlayStation 5, Xbox Series X/S, Switch 2, Switch, PC",https://gameinformer.com/2026,Release calendar,Future-dated on Game Informer 2026 schedule
Gaming & Play,Video game,LEGO Batman: Legacy of the Dark Knight,,2026-09-18,Confirmed,,,Switch 2,https://gameinformer.com/2026,Release calendar,Future-dated on Game Informer 2026 schedule
Gaming & Play,Video game,Moomintroll: Winter’s Warmth,,2026-09-18,Confirmed,,,"PlayStation 5, Switch 2",https://gameinformer.com/2026,Release calendar,Future-dated on Game Informer 2026 schedule
Gaming & Play,Video game,NASCAR 26,,2026-09-18,Confirmed,,,"PlayStation 5, Xbox Series X/S, PC",https://gameinformer.com/2026,Release calendar,Future-dated on Game Informer 2026 schedule
Gaming & Play,Video game,The Walking Dead: Streets of Survival,,2026-09-18,Confirmed,,,"PlayStation 5, Xbox Series X/S, Switch 2, Switch, PC",https://gameinformer.com/2026,Release calendar,Future-dated on Game Informer 2026 schedule
Gaming & Play,Video game,Dressmaker,,2026-09-21,Confirmed,,,PC,https://gameinformer.com/2026,Release calendar,Future-dated on Game Informer 2026 schedule
Gaming & Play,Video game,Dune: Awakening,,2026-09-22,Confirmed,,,"PlayStation 5, Xbox Series X/S",https://gameinformer.com/2026,Release calendar,Future-dated on Game Informer 2026 schedule
Gaming & Play,Video game,Qliphah in Providence's Shadow,,2026-09-23,Confirmed,,,"PlayStation 5, Switch, PC",https://gameinformer.com/2026,Release calendar,Future-dated on Game Informer 2026 schedule
Gaming & Play,Video game,Stick It To The Stickman,,2026-09-23,Confirmed,,,PC,https://gameinformer.com/2026,Release calendar,Future-dated on Game Informer 2026 schedule
Gaming & Play,Video game,Wind Runners (Early Access),,2026-09-23,Confirmed,,,PC,https://gameinformer.com/2026,Release calendar,Future-dated on Game Informer 2026 schedule
Gaming & Play,Video game,Control Resonant,,2026-09-24,Confirmed,,,"PlayStation 5, Xbox Series X/S, PC, Mac",https://gameinformer.com/2026,Release calendar,Future-dated on Game Informer 2026 schedule
Gaming & Play,Video game,Dragon Quest XI S: Echoes of an Elusive Age - Definitive Edition,,2026-09-24,Confirmed,,,Switch 2,https://gameinformer.com/2026,Release calendar,Future-dated on Game Informer 2026 schedule
Gaming & Play,Video game,Garfield – Escape from Monday,,2026-09-24,Confirmed,,,"PlayStation 5, Xbox Series X/S, Switch, PC",https://gameinformer.com/2026,Release calendar,Future-dated on Game Informer 2026 schedule
Gaming & Play,Video game,Kingdom Rush 6: Genesis,,2026-09-24,Confirmed,,,"PC, iOS, Android",https://gameinformer.com/2026,Release calendar,Future-dated on Game Informer 2026 schedule
Gaming & Play,Video game,Otterly Lost,,2026-09-24,Confirmed,,,PC,https://gameinformer.com/2026,Release calendar,Future-dated on Game Informer 2026 schedule
Gaming & Play,Video game,Shinobi: Art of Vengeance,,2026-09-24,Confirmed,,,Switch 2,https://gameinformer.com/2026,Release calendar,Future-dated on Game Informer 2026 schedule
Gaming & Play,Video game,Silent Hill: Townfall,,2026-09-24,Confirmed,,,"PlayStation 5, PC",https://gameinformer.com/2026,Release calendar,Future-dated on Game Informer 2026 schedule
Gaming & Play,Video game,Sin: Reloaded,,2026-09-24,Confirmed,,,"PlayStation 5, Xbox Series X/S, Switch 2, PlayStation 4, Xbox One, Switch, PC",https://gameinformer.com/2026,Release calendar,Future-dated on Game Informer 2026 schedule
Gaming & Play,Video game,The Relic: First Guardian,,2026-09-25,Confirmed,,,Xbox Series X/S,https://gameinformer.com/2026,Release calendar,Future-dated on Game Informer 2026 schedule
Gaming & Play,Video game,Unshine Arcade,,2026-09-28,Confirmed,,,PC,https://gameinformer.com/2026,Release calendar,Future-dated on Game Informer 2026 schedule
Gaming & Play,Video game,Gothic II Complete Classic,,2026-09-29,Confirmed,,,"PlayStation 5, Xbox Series X/S",https://gameinformer.com/2026,Release calendar,Future-dated on Game Informer 2026 schedule
Gaming & Play,Video game,Minecraft Dungeons II,,2026-09-29,Confirmed,,,"PlayStation 5, Xbox Series X/S, Switch 2, Switch, PC",https://gameinformer.com/2026,Release calendar,Future-dated on Game Informer 2026 schedule
Gaming & Play,Video game,Nivalis Nights,,2026-09-29,Confirmed,,,PC,https://gameinformer.com/2026,Release calendar,Future-dated on Game Informer 2026 schedule
Gaming & Play,Video game,Toem 2,,2026-09-29,Confirmed,,,"PlayStation 5, Switch, PC",https://gameinformer.com/2026,Release calendar,Future-dated on Game Informer 2026 schedule
Gaming & Play,Video game,Way of the Hunter 2,,2026-09-29,Confirmed,,,"PlayStation 5, Xbox Series X/S, PC",https://gameinformer.com/2026,Release calendar,Future-dated on Game Informer 2026 schedule
Gaming & Play,Video game,Don't Fret,,2026-10-01,Confirmed,,,"PlayStation 5, Xbox Series X/S, PC",https://gameinformer.com/2026,Release calendar,Future-dated on Game Informer 2026 schedule
Gaming & Play,Video game,Dynasty Warriors 3 Complete Edition Remastered,,2026-10-01,Confirmed,,,"PlayStation 5, Xbox Series X/S, Switch 2, PC",https://gameinformer.com/2026,Release calendar,Future-dated on Game Informer 2026 schedule
Gaming & Play,Video game,End of Abyss,,2026-10-01,Confirmed,,,"PlayStation 5, Xbox Series X/S, PC",https://gameinformer.com/2026,Release calendar,Future-dated on Game Informer 2026 schedule
Gaming & Play,Video game,Octopath Traveler,,2026-10-01,Confirmed,,,Switch 2,https://gameinformer.com/2026,Release calendar,Future-dated on Game Informer 2026 schedule
Gaming & Play,Video game,Octopath Traveler II,,2026-10-01,Confirmed,,,Switch 2,https://gameinformer.com/2026,Release calendar,Future-dated on Game Informer 2026 schedule
Gaming & Play,Video game,Rayman Legends Retold,,2026-10-01,Confirmed,,,"PlayStation 5, Xbox Series X/S, Switch 2, PC",https://gameinformer.com/2026,Release calendar,Future-dated on Game Informer 2026 schedule
Gaming & Play,Video game,Rayman Origins: Enhanced Edition,,2026-10-01,Confirmed,,,"PlayStation 5, Xbox Series X/S, Switch 2, PC",https://gameinformer.com/2026,Release calendar,Future-dated on Game Informer 2026 schedule
Gaming & Play,Video game,Ace Combat 8: Wings of Theve,,2026-10-02,Confirmed,,,"PlayStation 5, Xbox Series X/S, PC",https://gameinformer.com/2026,Release calendar,Future-dated on Game Informer 2026 schedule
Gaming & Play,Video game,Gears of War: E-Day,,2026-10-06,Confirmed,,,"Xbox Series X/S, PC",https://gameinformer.com/2026,Release calendar,Future-dated on Game Informer 2026 schedule
Gaming & Play,Video game,Star Wars: Galactic Racer,,2026-10-06,Confirmed,,,"PlayStation 5, Xbox Series X/S, PC",https://gameinformer.com/2026,Release calendar,Future-dated on Game Informer 2026 schedule
Gaming & Play,Video game,Calx,,2026-10-08,Confirmed,,,"PlayStation 5, Xbox Series X/S, Switch, PC",https://gameinformer.com/2026,Release calendar,Future-dated on Game Informer 2026 schedule
Gaming & Play,Video game,Clive Barker's Hellraiser: Revival,,2026-10-08,Confirmed,,,"PlayStation 5, Xbox Series X/S, Switch 2, PC",https://gameinformer.com/2026,Release calendar,Future-dated on Game Informer 2026 schedule
Gaming & Play,Video game,Echo Weaver,,2026-10-08,Confirmed,,,"PlayStation 5, Xbox Series X/S, Switch 2, PC",https://gameinformer.com/2026,Release calendar,Future-dated on Game Informer 2026 schedule
Gaming & Play,Video game,Forever Ago,,2026-10-08,Confirmed,,,"PlayStation 5, Xbox Series X/S, Switch 2, PC",https://gameinformer.com/2026,Release calendar,Future-dated on Game Informer 2026 schedule
Gaming & Play,Video game,Hell is Us,,2026-10-08,Confirmed,,,Switch 2,https://gameinformer.com/2026,Release calendar,Future-dated on Game Informer 2026 schedule
Gaming & Play,Video game,Kingdom Hearts 2.8 Final Chapter Prologue,,2026-10-08,Confirmed,,,"PlayStation 5, Xbox Series X/S, Switch 2",https://gameinformer.com/2026,Release calendar,Future-dated on Game Informer 2026 schedule
Gaming & Play,Video game,Castlevania: Belmont's Curse,,2026-10-15,Confirmed,,,"PlayStation 5, Xbox Series X/S, Switch, PC",https://gameinformer.com/2026,Release calendar,Future-dated on Game Informer 2026 schedule
Gaming & Play,Video game,Enshrouded,,2026-10-15,Confirmed,,,"PlayStation 5, PC",https://gameinformer.com/2026,Release calendar,Future-dated on Game Informer 2026 schedule
Gaming & Play,Video game,Frosthaven,,2026-10-15,Confirmed,,,PC,https://gameinformer.com/2026,Release calendar,Future-dated on Game Informer 2026 schedule
Gaming & Play,Video game,Ratatan,,2026-10-15,Confirmed,,,"PlayStation 5, Xbox Series X/S, Switch 2, PC",https://gameinformer.com/2026,Release calendar,Future-dated on Game Informer 2026 schedule
Gaming & Play,Video game,Tales of Eternia Remastered,,2026-10-15,Confirmed,,,"PlayStation 5, Xbox Series X/S, Switch 2, PlayStation 4, PC",https://gameinformer.com/2026,Release calendar,Future-dated on Game Informer 2026 schedule
Gaming & Play,Video game,Toy Story 3 Complete Edition,,2026-10-15,Confirmed,,,"PlayStation 5, Xbox Series X/S, Switch 2, PlayStation 4, Xbox One, Switch, PC",https://gameinformer.com/2026,Release calendar,Future-dated on Game Informer 2026 schedule
Gaming & Play,Video game,Toy Story: Retro Roundup!,,2026-10-15,Confirmed,,,"PlayStation 5, Xbox Series X/S, Switch 2, PlayStation 4, Xbox One, Switch, PC",https://gameinformer.com/2026,Release calendar,Future-dated on Game Informer 2026 schedule
Gaming & Play,Video game,Sound System,,2026-10-16,Confirmed,,,PC,https://gameinformer.com/2026,Release calendar,Future-dated on Game Informer 2026 schedule
Gaming & Play,Video game,Tenebris Somnia,,2026-10-16,Confirmed,,,PC,https://gameinformer.com/2026,Release calendar,Future-dated on Game Informer 2026 schedule
Gaming & Play,Video game,Blue Ridge Hunting (Early Access),,2026-10-20,Confirmed,,,PC,https://gameinformer.com/2026,Release calendar,Future-dated on Game Informer 2026 schedule
Gaming & Play,Video game,Stupid Never Dies,,2026-10-21,Confirmed,,,"PlayStation 5, PC",https://gameinformer.com/2026,Release calendar,Future-dated on Game Informer 2026 schedule
Gaming & Play,Video game,Cotton Reboot!,,2026-10-22,Confirmed,,,"PlayStation 5, Switch 2",https://gameinformer.com/2026,Release calendar,Future-dated on Game Informer 2026 schedule
Gaming & Play,Video game,Cotton Reboot! High Tension!,,2026-10-22,Confirmed,,,"PlayStation 5, PlayStation 4, Switch",https://gameinformer.com/2026,Release calendar,Future-dated on Game Informer 2026 schedule
Gaming & Play,Video game,Demons' Night Fever,,2026-10-22,Confirmed,,,"PlayStation 5, Switch, PC",https://gameinformer.com/2026,Release calendar,Future-dated on Game Informer 2026 schedule
Gaming & Play,Video game,Final Fantasy Resonance,,2026-10-22,Confirmed,,,"PlayStation 5, Xbox Series X/S, Switch 2, Switch, PC",https://gameinformer.com/2026,Release calendar,Future-dated on Game Informer 2026 schedule
Gaming & Play,Video game,Nintendo Switch Sports Resort,,2026-10-22,Confirmed,,,Switch 2,https://gameinformer.com/2026,Release calendar,Future-dated on Game Informer 2026 schedule
Gaming & Play,Video game,Call of Duty: Modern Warfare 4,,2026-10-23,Confirmed,,,"PlayStation 5, Xbox Series X/S, Switch 2, PC",https://gameinformer.com/2026,Release calendar,Future-dated on Game Informer 2026 schedule
Gaming & Play,Video game,One Piece: Grand Gourmet,,2026-10-23,Confirmed,,,"Switch 2, Switch, PC, iOS, Android",https://gameinformer.com/2026,Release calendar,Future-dated on Game Informer 2026 schedule
Gaming & Play,Video game,Minecraft,,2026-10-27,Confirmed,,,Switch 2,https://gameinformer.com/2026,Release calendar,Future-dated on Game Informer 2026 schedule
Gaming & Play,Video game,Remothered: Red Nun's Legacy,,2026-10-27,Confirmed,,,"PlayStation 5, Xbox Series X/S, Switch 2, PC",https://gameinformer.com/2026,Release calendar,Future-dated on Game Informer 2026 schedule
Gaming & Play,Video game,Village in the Shade,,2026-10-27,Confirmed,,,"PlayStation 5, PlayStation 4, Switch",https://gameinformer.com/2026,Release calendar,Future-dated on Game Informer 2026 schedule
Gaming & Play,Video game,Anomalith,,2026-10-29,Confirmed,,,"PlayStation 5, Switch 2, PC",https://gameinformer.com/2026,Release calendar,Future-dated on Game Informer 2026 schedule
Gaming & Play,Video game,Danchi Days,,2026-10-29,Confirmed,,,PC,https://gameinformer.com/2026,Release calendar,Future-dated on Game Informer 2026 schedule
Gaming & Play,Video game,Hello Kitty Party Land,,2026-10-29,Confirmed,,,"Switch 2, Switch",https://gameinformer.com/2026,Release calendar,Future-dated on Game Informer 2026 schedule
Gaming & Play,Video game,Phantom Blade Zero,,2026-10-29,Confirmed,,,"PlayStation 5, PC",https://gameinformer.com/2026,Release calendar,Future-dated on Game Informer 2026 schedule
Gaming & Play,Video game,Godzilla: Destroy All Monsters Melee Remastered,,2026-11-03,Confirmed,,,"PlayStation 5, Xbox Series X/S, Switch 2, PC",https://gameinformer.com/2026,Release calendar,Future-dated on Game Informer 2026 schedule
Gaming & Play,Video game,Let's Sing 2027,,2026-11-03,Confirmed,,,"PlayStation 5, Switch 2, Switch",https://gameinformer.com/2026,Release calendar,Future-dated on Game Informer 2026 schedule
Gaming & Play,Video game,Let's Sing ABBA,,2026-11-03,Confirmed,,,Switch 2,https://gameinformer.com/2026,Release calendar,Future-dated on Game Informer 2026 schedule
Gaming & Play,Video game,Crymelight,,2026-11-05,Confirmed,,,"PlayStation 5, Switch 2, PC",https://gameinformer.com/2026,Release calendar,Future-dated on Game Informer 2026 schedule
Gaming & Play,Video game,Wielders of the Essence,,2026-11-05,Confirmed,,,PC,https://gameinformer.com/2026,Release calendar,Future-dated on Game Informer 2026 schedule
Gaming & Play,Video game,Barbie Rewind,,2026-11-12,Confirmed,,,"PlayStation 5, Xbox Series X/S, Switch, PC",https://gameinformer.com/2026,Release calendar,Future-dated on Game Informer 2026 schedule
Gaming & Play,Video game,Metaphor: ReFantazio,,2026-11-12,Confirmed,,,Switch 2,https://gameinformer.com/2026,Release calendar,Future-dated on Game Informer 2026 schedule
Gaming & Play,Video game,Dragon Quest Monsters: The Withered World,,2026-12-03,Confirmed,,,"PlayStation 5, Xbox Series X/S, Switch 2, Switch, PC",https://gameinformer.com/2026,Release calendar,Future-dated on Game Informer 2026 schedule
Gaming & Play,Video game,"Warhammer 40,000: Dawn of War IV",,2026-12-03,Confirmed,,,PC,https://gameinformer.com/2026,Release calendar,Future-dated on Game Informer 2026 schedule
Gaming & Play,Video game,Xenoblade Chronicles 3,,2026-12-03,Confirmed,,,Switch 2,https://gameinformer.com/2026,Release calendar,Future-dated on Game Informer 2026 schedule
Gaming & Play,Video game,Attack on Titan 3,,2026-12-10,Confirmed,,,"PlayStation 5, Xbox Series X/S, Switch 2, PC",https://gameinformer.com/2026,Release calendar,Future-dated on Game Informer 2026 schedule
Gaming & Play,Video game,007 First Light,,2026 TBA,Announced,,,Switch 2,https://gameinformer.com/2026,Release calendar,Listed by Game Informer under 2026 'To Be Announced'
Gaming & Play,Video game,Abashed,,2026 TBA,Announced,,,PC,https://gameinformer.com/2026,Release calendar,Listed by Game Informer under 2026 'To Be Announced'
Gaming & Play,Video game,Acts of Blood,,2026 TBA,Announced,,,PC,https://gameinformer.com/2026,Release calendar,Listed by Game Informer under 2026 'To Be Announced'
Gaming & Play,Video game,Aeterna Lucis,,2026 TBA,Announced,,,"PlayStation 5, Xbox Series X/S, PlayStation 4, Xbox One, Switch, PC",https://gameinformer.com/2026,Release calendar,Listed by Game Informer under 2026 'To Be Announced'
Gaming & Play,Video game,Aion 2,,2026 TBA,Announced,,,PC,https://gameinformer.com/2026,Release calendar,Listed by Game Informer under 2026 'To Be Announced'
Gaming & Play,Video game,Alien: Rogue Incursion,,2026 TBA,Announced,,,PlayStation 4,https://gameinformer.com/2026,Release calendar,Listed by Game Informer under 2026 'To Be Announced'
Gaming & Play,Video game,Alpha Nomos,,2026 TBA,Announced,,,PC,https://gameinformer.com/2026,Release calendar,Listed by Game Informer under 2026 'To Be Announced'
Gaming & Play,Video game,Aniimo,,2026 TBA,Announced,,,"PlayStation 5, Xbox Series X/S, PC, iOS, Android",https://gameinformer.com/2026,Release calendar,Listed by Game Informer under 2026 'To Be Announced'
Gaming & Play,Video game,Anima: Gate of Memories I & II Remaster,,2026 TBA,Announced,,,Switch 2,https://gameinformer.com/2026,Release calendar,Listed by Game Informer under 2026 'To Be Announced'
Gaming & Play,Video game,Apple Crumble,,2026 TBA,Announced,,,PC,https://gameinformer.com/2026,Release calendar,Listed by Game Informer under 2026 'To Be Announced'
Gaming & Play,Video game,Arcane Eats,,2026 TBA,Announced,,,PC,https://gameinformer.com/2026,Release calendar,Listed by Game Informer under 2026 'To Be Announced'
Gaming & Play,Video game,ArcheAge Chronicles,,2026 TBA,Announced,,,"PlayStation 5, Xbox Series X/S, PC",https://gameinformer.com/2026,Release calendar,Listed by Game Informer under 2026 'To Be Announced'
Gaming & Play,Video game,Arizona Sunshine,,2026 TBA,Announced,,,"PlayStation 5, Xbox Series X/S, Switch 2, PC",https://gameinformer.com/2026,Release calendar,Listed by Game Informer under 2026 'To Be Announced'
Gaming & Play,Video game,Arkheron,,2026 TBA,Announced,,,PC,https://gameinformer.com/2026,Release calendar,Listed by Game Informer under 2026 'To Be Announced'
Gaming & Play,Video game,Armatus,,2026 TBA,Announced,,,"PlayStation 5, Xbox Series X/S, PC",https://gameinformer.com/2026,Release calendar,Listed by Game Informer under 2026 'To Be Announced'
Gaming & Play,Video game,Ascenders: Beyond the Peak (Early Access),,2026 TBA,Announced,,,PC,https://gameinformer.com/2026,Release calendar,Listed by Game Informer under 2026 'To Be Announced'
Gaming & Play,Video game,Ashes of the Singularity II,,2026 TBA,Announced,,,PC,https://gameinformer.com/2026,Release calendar,Listed by Game Informer under 2026 'To Be Announced'
Gaming & Play,Video game,Astromine,,2026 TBA,Announced,,,PC,https://gameinformer.com/2026,Release calendar,Listed by Game Informer under 2026 'To Be Announced'
Gaming & Play,Video game,At Fate's End,,2026 TBA,Announced,,,"PlayStation 5, Xbox Series X/S, PC",https://gameinformer.com/2026,Release calendar,Listed by Game Informer under 2026 'To Be Announced'
Gaming & Play,Video game,Atmosfar (Early Access),,2026 TBA,Announced,,,PC,https://gameinformer.com/2026,Release calendar,Listed by Game Informer under 2026 'To Be Announced'
Gaming & Play,Video game,Australia Did It,,2026 TBA,Announced,,,PC,https://gameinformer.com/2026,Release calendar,Listed by Game Informer under 2026 'To Be Announced'
Gaming & Play,Video game,Awaysis,,2026 TBA,Announced,,,"Xbox Series X/S, PC",https://gameinformer.com/2026,Release calendar,Listed by Game Informer under 2026 'To Be Announced'
Gaming & Play,Video game,Battle Vision Network,,2026 TBA,Announced,,,"PC, iOS, Android",https://gameinformer.com/2026,Release calendar,Listed by Game Informer under 2026 'To Be Announced'
Gaming & Play,Video game,Being and Becoming,,2026 TBA,Announced,,,PC,https://gameinformer.com/2026,Release calendar,Listed by Game Informer under 2026 'To Be Announced'
Gaming & Play,Video game,Blighted,,2026 TBA,Announced,,,"Switch 2, PC",https://gameinformer.com/2026,Release calendar,Listed by Game Informer under 2026 'To Be Announced'
Gaming & Play,Video game,Bloodstained: The Scarlet Engagement,,2026 TBA,Announced,,,"PlayStation 5, Xbox Series X/S, PC",https://gameinformer.com/2026,Release calendar,Listed by Game Informer under 2026 'To Be Announced'
Gaming & Play,Video game,Bluey’s Happy Snaps,,2026 TBA,Announced,,,"PlayStation 5, Xbox Series X/S, Switch 2, PlayStation 4, Xbox One, Switch, PC",https://gameinformer.com/2026,Release calendar,Listed by Game Informer under 2026 'To Be Announced'
Gaming & Play,Video game,Book Nook,,2026 TBA,Announced,,,PC,https://gameinformer.com/2026,Release calendar,Listed by Game Informer under 2026 'To Be Announced'
Gaming & Play,Video game,BPM Bitcrushed,,2026 TBA,Announced,,,"PlayStation 5, Xbox Series X/S, Switch, PC",https://gameinformer.com/2026,Release calendar,Listed by Game Informer under 2026 'To Be Announced'
Gaming & Play,Video game,BrokenLore: Ascend,,2026 TBA,Announced,,,"PlayStation 5, Xbox Series X/S, PC",https://gameinformer.com/2026,Release calendar,Listed by Game Informer under 2026 'To Be Announced'
Gaming & Play,Video game,Building Relationships,,2026 TBA,Announced,,,"PlayStation 5, Xbox Series X/S, PC",https://gameinformer.com/2026,Release calendar,Listed by Game Informer under 2026 'To Be Announced'
Gaming & Play,Video game,Burn-9,,2026 TBA,Announced,,,PC,https://gameinformer.com/2026,Release calendar,Listed by Game Informer under 2026 'To Be Announced'
Gaming & Play,Video game,Calame,,2026 TBA,Announced,,,PC,https://gameinformer.com/2026,Release calendar,Listed by Game Informer under 2026 'To Be Announced'
Gaming & Play,Video game,Chaos Agents,,2026 TBA,Announced,,,PC,https://gameinformer.com/2026,Release calendar,Listed by Game Informer under 2026 'To Be Announced'
Gaming & Play,Video game,Chivalware,,2026 TBA,Announced,,,PC,https://gameinformer.com/2026,Release calendar,Listed by Game Informer under 2026 'To Be Announced'
Gaming & Play,Video game,Chronicles: Medieval (Early Access),,2026 TBA,Announced,,,PC,https://gameinformer.com/2026,Release calendar,Listed by Game Informer under 2026 'To Be Announced'
Gaming & Play,Video game,Chronoscript: The Endless End,,2026 TBA,Announced,,,"PlayStation 5, PC",https://gameinformer.com/2026,Release calendar,Listed by Game Informer under 2026 'To Be Announced'
Gaming & Play,Video game,City of Dolorosa,,2026 TBA,Announced,,,PC,https://gameinformer.com/2026,Release calendar,Listed by Game Informer under 2026 'To Be Announced'
Gaming & Play,Video game,Colorbound,,2026 TBA,Announced,,,"PlayStation 5, Xbox Series X/S, Switch 2, PlayStation 4, Xbox One, Switch, PC",https://gameinformer.com/2026,Release calendar,Listed by Game Informer under 2026 'To Be Announced'
Gaming & Play,Video game,Company of Heroes – Definitive Edition,,2026 TBA,Announced,,,PC,https://gameinformer.com/2026,Release calendar,Listed by Game Informer under 2026 'To Be Announced'
Gaming & Play,Video game,Corpse Party II: Darkness Distortion,,2026 TBA,Announced,,,"PlayStation 5, PlayStation 4, Switch, PC",https://gameinformer.com/2026,Release calendar,Listed by Game Informer under 2026 'To Be Announced'
Gaming & Play,Video game,Curse of the Crimson Stag,,2026 TBA,Announced,,,"PlayStation 5, Xbox Series X/S, Switch, PC",https://gameinformer.com/2026,Release calendar,Listed by Game Informer under 2026 'To Be Announced'
Gaming & Play,Video game,Decapolice,,2026 TBA,Announced,,,"PlayStation 5, PlayStation 4, Switch",https://gameinformer.com/2026,Release calendar,Listed by Game Informer under 2026 'To Be Announced'
Gaming & Play,Video game,Decrepit,,2026 TBA,Announced,,,PC,https://gameinformer.com/2026,Release calendar,Listed by Game Informer under 2026 'To Be Announced'
Gaming & Play,Video game,Deep Dish Dungeon,,2026 TBA,Announced,,,"Xbox Series X/S, PC",https://gameinformer.com/2026,Release calendar,Listed by Game Informer under 2026 'To Be Announced'
Gaming & Play,Video game,Demon Bluff,,2026 TBA,Announced,,,PC,https://gameinformer.com/2026,Release calendar,Listed by Game Informer under 2026 'To Be Announced'
Gaming & Play,Video game,Dinolords (Early Access),,2026 TBA,Announced,,,PC,https://gameinformer.com/2026,Release calendar,Listed by Game Informer under 2026 'To Be Announced'
Gaming & Play,Video game,Dog Man: Bark in Action,,2026 TBA,Announced,,,"PlayStation 5, Xbox Series X/S, PlayStation 4, Switch, PC",https://gameinformer.com/2026,Release calendar,Listed by Game Informer under 2026 'To Be Announced'
Gaming & Play,Video game,Don't Kill Them All,,2026 TBA,Announced,,,PC,https://gameinformer.com/2026,Release calendar,Listed by Game Informer under 2026 'To Be Announced'
Gaming & Play,Video game,Dreadmoor,,2026 TBA,Announced,,,PC,https://gameinformer.com/2026,Release calendar,Listed by Game Informer under 2026 'To Be Announced'
Gaming & Play,Video game,EA Sports FC 27,,2026 TBA,Announced,,,,https://gameinformer.com/2026,Release calendar,Listed by Game Informer under 2026 'To Be Announced'
Gaming & Play,Video game,Edge of Memories,,2026 TBA,Announced,,,"PlayStation 5, Xbox Series X/S, PC",https://gameinformer.com/2026,Release calendar,Listed by Game Informer under 2026 'To Be Announced'
Gaming & Play,Video game,Ember and Blade,,2026 TBA,Announced,,,PC,https://gameinformer.com/2026,Release calendar,Listed by Game Informer under 2026 'To Be Announced'
Gaming & Play,Video game,Enter the Gungeon 2,,2026 TBA,Announced,,,"Switch 2, PC",https://gameinformer.com/2026,Release calendar,Listed by Game Informer under 2026 'To Be Announced'
Gaming & Play,Video game,Escape Academy 2: Back to School,,2026 TBA,Announced,,,"Xbox Series X/S, PC",https://gameinformer.com/2026,Release calendar,Listed by Game Informer under 2026 'To Be Announced'
Gaming & Play,Video game,EVE Vanguard,,2026 TBA,Announced,,,PC,https://gameinformer.com/2026,Release calendar,Listed by Game Informer under 2026 'To Be Announced'
Gaming & Play,Video game,Fading Echo,,2026 TBA,Announced,,,"PlayStation 5, Xbox Series X/S",https://gameinformer.com/2026,Release calendar,Listed by Game Informer under 2026 'To Be Announced'
Gaming & Play,Video game,Fantasy Life i: The Girl Who Steals Time,,2026 TBA,Announced,,,"iOS, Android",https://gameinformer.com/2026,Release calendar,Listed by Game Informer under 2026 'To Be Announced'
Gaming & Play,Video game,Forza Horizon 6,,2026 TBA,Announced,,,PlayStation 5,https://gameinformer.com/2026,Release calendar,Listed by Game Informer under 2026 'To Be Announced'
Gaming & Play,Video game,Frostrail,,2026 TBA,Announced,,,PC,https://gameinformer.com/2026,Release calendar,Listed by Game Informer under 2026 'To Be Announced'
Gaming & Play,Video game,Glaciered,,2026 TBA,Announced,,,"Switch 2, PC",https://gameinformer.com/2026,Release calendar,Listed by Game Informer under 2026 'To Be Announced'
Gaming & Play,Video game,Gnaw,,2026 TBA,Announced,,,"PlayStation 5, Xbox Series X/S, Switch, PC",https://gameinformer.com/2026,Release calendar,Listed by Game Informer under 2026 'To Be Announced'
Gaming & Play,Video game,"Gods, Death & Reapers",,2026 TBA,Announced,,,PC,https://gameinformer.com/2026,Release calendar,Listed by Game Informer under 2026 'To Be Announced'
Gaming & Play,Video game,Golf With Your Friends 2,,2026 TBA,Announced,,,"PlayStation 5, Xbox Series X/S, Switch 2, PC",https://gameinformer.com/2026,Release calendar,Listed by Game Informer under 2026 'To Be Announced'
Gaming & Play,Video game,Grave Seasons,,2026 TBA,Announced,,,"PlayStation 5, Xbox Series X/S, Switch, PC",https://gameinformer.com/2026,Release calendar,Listed by Game Informer under 2026 'To Be Announced'
Gaming & Play,Video game,Graveyard Keeper 2,,2026 TBA,Announced,,,"PlayStation 5, Xbox Series X/S, Switch 2, Switch, PC",https://gameinformer.com/2026,Release calendar,Listed by Game Informer under 2026 'To Be Announced'
Gaming & Play,Video game,Gungrave G.O.R.E. Blood Heat,,2026 TBA,Announced,,,"PlayStation 5, Xbox Series X/S, PC",https://gameinformer.com/2026,Release calendar,Listed by Game Informer under 2026 'To Be Announced'
Gaming & Play,Video game,Hela: of Mice & Magic,,2026 TBA,Announced,,,"PlayStation 5, Xbox Series X/S, Switch 2, Xbox One, PC",https://gameinformer.com/2026,Release calendar,Listed by Game Informer under 2026 'To Be Announced'
Gaming & Play,Video game,Hitman: Absolution,,2026 TBA,Announced,,,Switch 2,https://gameinformer.com/2026,Release calendar,Listed by Game Informer under 2026 'To Be Announced'
Gaming & Play,Video game,Hoa 2,,2026 TBA,Announced,,,"PlayStation 5, Xbox Series X/S, Switch 2, PC",https://gameinformer.com/2026,Release calendar,Listed by Game Informer under 2026 'To Be Announced'
Gaming & Play,Video game,Human Fall Flat 2,,2026 TBA,Announced,,,"Switch 2, PC",https://gameinformer.com/2026,Release calendar,Listed by Game Informer under 2026 'To Be Announced'
Gaming & Play,Video game,Ikuma – The Frozen Compass,,2026 TBA,Announced,,,"PlayStation 5, Xbox Series X/S, PC",https://gameinformer.com/2026,Release calendar,Listed by Game Informer under 2026 'To Be Announced'
Gaming & Play,Video game,Infinitesimals,,2026 TBA,Announced,,,"PlayStation 5, Xbox Series X/S, PC",https://gameinformer.com/2026,Release calendar,Listed by Game Informer under 2026 'To Be Announced'
Gaming & Play,Video game,Inkblood,,2026 TBA,Announced,,,PC,https://gameinformer.com/2026,Release calendar,Listed by Game Informer under 2026 'To Be Announced'
Gaming & Play,Video game,Into The Fire (Early Access),,2026 TBA,Announced,,,PC,https://gameinformer.com/2026,Release calendar,Listed by Game Informer under 2026 'To Be Announced'
Gaming & Play,Video game,JuJutsu Kaisen Rumble: Survivaton,,2026 TBA,Announced,,,"PlayStation 5, Xbox Series X/S, Switch 2, PC",https://gameinformer.com/2026,Release calendar,Listed by Game Informer under 2026 'To Be Announced'
Gaming & Play,Video game,Kena: Scars of Kosmora,,2026 TBA,Announced,,,"PlayStation 5, PC",https://gameinformer.com/2026,Release calendar,Listed by Game Informer under 2026 'To Be Announced'
Gaming & Play,Video game,Kick,,2026 TBA,Announced,,,PC,https://gameinformer.com/2026,Release calendar,Listed by Game Informer under 2026 'To Be Announced'
Gaming & Play,Video game,Kyoto Xanadu,,2026 TBA,Announced,,,"PlayStation 5, Switch 2, Switch, PC",https://gameinformer.com/2026,Release calendar,Listed by Game Informer under 2026 'To Be Announced'
Gaming & Play,Video game,Lelu,,2026 TBA,Announced,,,PC,https://gameinformer.com/2026,Release calendar,Listed by Game Informer under 2026 'To Be Announced'
Gaming & Play,Video game,Limit Zero Breakers,,2026 TBA,Announced,,,"PC, iOS, Android",https://gameinformer.com/2026,Release calendar,Listed by Game Informer under 2026 'To Be Announced'
Gaming & Play,Video game,"Little Kitty, Big City",,2026 TBA,Announced,,,"iOS, Android",https://gameinformer.com/2026,Release calendar,Listed by Game Informer under 2026 'To Be Announced'
Gaming & Play,Video game,Lost Hellden,,2026 TBA,Announced,,,"PlayStation 5, Xbox Series X/S, PlayStation 4, Xbox One, Switch, PC",https://gameinformer.com/2026,Release calendar,Listed by Game Informer under 2026 'To Be Announced'
Gaming & Play,Video game,Lucid,,2026 TBA,Announced,,,PC,https://gameinformer.com/2026,Release calendar,Listed by Game Informer under 2026 'To Be Announced'
Gaming & Play,Video game,Mariachi Legends,,2026 TBA,Announced,,,"PlayStation 5, Xbox Series X/S, Switch, PC",https://gameinformer.com/2026,Release calendar,Listed by Game Informer under 2026 'To Be Announced'
Gaming & Play,Video game,Midnight Horde,,2026 TBA,Announced,,,PC,https://gameinformer.com/2026,Release calendar,Listed by Game Informer under 2026 'To Be Announced'
Gaming & Play,Video game,Mira and the Legend of the Djinns,,2026 TBA,Announced,,,PC,https://gameinformer.com/2026,Release calendar,Listed by Game Informer under 2026 'To Be Announced'
Gaming & Play,Video game,Mirria,,2026 TBA,Announced,,,PC,https://gameinformer.com/2026,Release calendar,Listed by Game Informer under 2026 'To Be Announced'
Gaming & Play,Video game,Moomin: Midsummer Madness,,2026 TBA,Announced,,,"Switch 2, Switch, PC",https://gameinformer.com/2026,Release calendar,Listed by Game Informer under 2026 'To Be Announced'
Gaming & Play,Video game,MXGP 26,,2026 TBA,Announced,,,"PlayStation 5, Xbox Series X/S, PC",https://gameinformer.com/2026,Release calendar,Listed by Game Informer under 2026 'To Be Announced'
Gaming & Play,Video game,Neath,,2026 TBA,Announced,,,PC,https://gameinformer.com/2026,Release calendar,Listed by Game Informer under 2026 'To Be Announced'
Gaming & Play,Video game,Neverway,,2026 TBA,Announced,,,"Switch, PC",https://gameinformer.com/2026,Release calendar,Listed by Game Informer under 2026 'To Be Announced'
Gaming & Play,Video game,Nightscape,,2026 TBA,Announced,,,"PlayStation 5, Xbox Series X/S, PC",https://gameinformer.com/2026,Release calendar,Listed by Game Informer under 2026 'To Be Announced'
Gaming & Play,Video game,No Rest for the Wicked,,2026 TBA,Announced,,,"PlayStation 5, PC",https://gameinformer.com/2026,Release calendar,Listed by Game Informer under 2026 'To Be Announced'
Gaming & Play,Video game,No Straight Roads 2,,2026 TBA,Announced,,,PC,https://gameinformer.com/2026,Release calendar,Listed by Game Informer under 2026 'To Be Announced'
Gaming & Play,Video game,Nocturnal 2,,2026 TBA,Announced,,,"Switch, PC",https://gameinformer.com/2026,Release calendar,Listed by Game Informer under 2026 'To Be Announced'
Gaming & Play,Video game,Of Peaks and Tides,,2026 TBA,Announced,,,PC,https://gameinformer.com/2026,Release calendar,Listed by Game Informer under 2026 'To Be Announced'
Gaming & Play,Video game,Off The Grid,,2026 TBA,Announced,,,"PlayStation 5, Xbox Series X/S, PC",https://gameinformer.com/2026,Release calendar,Listed by Game Informer under 2026 'To Be Announced'
Gaming & Play,Video game,Path of Exile 2,,2026 TBA,Announced,,,"PlayStation 5, Xbox Series X/S, PC",https://gameinformer.com/2026,Release calendar,Listed by Game Informer under 2026 'To Be Announced'
Gaming & Play,Video game,Payday: Aces High,,2026 TBA,Announced,,,"Quest, PC",https://gameinformer.com/2026,Release calendar,Listed by Game Informer under 2026 'To Be Announced'
Gaming & Play,Video game,Penguin Colony,,2026 TBA,Announced,,,PC,https://gameinformer.com/2026,Release calendar,Listed by Game Informer under 2026 'To Be Announced'
Gaming & Play,Video game,Petal Runner,,2026 TBA,Announced,,,PC,https://gameinformer.com/2026,Release calendar,Listed by Game Informer under 2026 'To Be Announced'
Gaming & Play,Video game,Polyaris,,2026 TBA,Announced,,,PC,https://gameinformer.com/2026,Release calendar,Listed by Game Informer under 2026 'To Be Announced'
Gaming & Play,Video game,Pony Island 2: Panda Circus,,2026 TBA,Announced,,,PC,https://gameinformer.com/2026,Release calendar,Listed by Game Informer under 2026 'To Be Announced'
Gaming & Play,Video game,Prinny Party: Going Overboard!,,2026 TBA,Announced,,,"PlayStation 5, Switch 2, Switch, PC",https://gameinformer.com/2026,Release calendar,Listed by Game Informer under 2026 'To Be Announced'
Gaming & Play,Video game,Professor Layton and the New World of Steam,,2026 TBA,Announced,,,"Switch 2, Switch",https://gameinformer.com/2026,Release calendar,Listed by Game Informer under 2026 'To Be Announced'
Gaming & Play,Video game,Project Evilbane,,2026 TBA,Announced,,,"PC, Xbox Series X/S",https://gameinformer.com/2026,Release calendar,Listed by Game Informer under 2026 'To Be Announced'
Gaming & Play,Video game,Project M,,2026 TBA,Announced,,,"Switch 2, Switch",https://gameinformer.com/2026,Release calendar,Listed by Game Informer under 2026 'To Be Announced'
Gaming & Play,Video game,Project Zeta (Early Access),,2026 TBA,Announced,,,PC,https://gameinformer.com/2026,Release calendar,Listed by Game Informer under 2026 'To Be Announced'
Gaming & Play,Video game,Quest Master,,2026 TBA,Announced,,,"Switch, PC",https://gameinformer.com/2026,Release calendar,Listed by Game Informer under 2026 'To Be Announced'
Gaming & Play,Video game,Raccoin,,2026 TBA,Announced,,,"PlayStation 5, Xbox Series X/S, Switch 2",https://gameinformer.com/2026,Release calendar,Listed by Game Informer under 2026 'To Be Announced'
Gaming & Play,Video game,Ravenswatch,,2026 TBA,Announced,,,Switch 2,https://gameinformer.com/2026,Release calendar,Listed by Game Informer under 2026 'To Be Announced'
Gaming & Play,Video game,Recur,,2026 TBA,Announced,,,PC,https://gameinformer.com/2026,Release calendar,Listed by Game Informer under 2026 'To Be Announced'
Gaming & Play,Video game,Rising Heat,,2026 TBA,Announced,,,PC,https://gameinformer.com/2026,Release calendar,Listed by Game Informer under 2026 'To Be Announced'
Gaming & Play,Video game,Road Kings,,2026 TBA,Announced,,,"PlayStation 5, Xbox Series X/S, PC",https://gameinformer.com/2026,Release calendar,Listed by Game Informer under 2026 'To Be Announced'
Gaming & Play,Video game,Rockbeasts,,2026 TBA,Announced,,,"PlayStation 5, Xbox Series X/S, PC",https://gameinformer.com/2026,Release calendar,Listed by Game Informer under 2026 'To Be Announced'
Gaming & Play,Video game,SacriFire,,2026 TBA,Announced,,,"PlayStation 5, Xbox Series X/S, PlayStation 4, Xbox One, Switch, PC",https://gameinformer.com/2026,Release calendar,Listed by Game Informer under 2026 'To Be Announced'
Gaming & Play,Video game,School Days Remastered,,2026 TBA,Announced,,,PC,https://gameinformer.com/2026,Release calendar,Listed by Game Informer under 2026 'To Be Announced'
Gaming & Play,Video game,Scramble Knights Online,,2026 TBA,Announced,,,"Xbox Series X/S, PC",https://gameinformer.com/2026,Release calendar,Listed by Game Informer under 2026 'To Be Announced'
Gaming & Play,Video game,Shenmue III Enhanced,,2026 TBA,Announced,,,"PlayStation 5, Xbox Series X/S, Switch 2, PC",https://gameinformer.com/2026,Release calendar,Listed by Game Informer under 2026 'To Be Announced'
Gaming & Play,Video game,Shroom and Gloom (Early Access),,2026 TBA,Announced,,,PC,https://gameinformer.com/2026,Release calendar,Listed by Game Informer under 2026 'To Be Announced'
Gaming & Play,Video game,Slain 2: The Beast Within,,2026 TBA,Announced,,,"PlayStation 5, Xbox Series X/S, PC",https://gameinformer.com/2026,Release calendar,Listed by Game Informer under 2026 'To Be Announced'
Gaming & Play,Video game,Snap & Grab,,2026 TBA,Announced,,,"PlayStation 5, Xbox Series X/S",https://gameinformer.com/2026,Release calendar,Listed by Game Informer under 2026 'To Be Announced'
Gaming & Play,Video game,Solo Leveling: Arise Overdrive,,2026 TBA,Announced,,,"PlayStation 5, Xbox Series X/S",https://gameinformer.com/2026,Release calendar,Listed by Game Informer under 2026 'To Be Announced'
Gaming & Play,Video game,Solo Leveling: Karma,,2026 TBA,Announced,,,"PC, iOS, Android",https://gameinformer.com/2026,Release calendar,Listed by Game Informer under 2026 'To Be Announced'
Gaming & Play,Video game,Sonic Pico Park,,2026 TBA,Announced,,,PC,https://gameinformer.com/2026,Release calendar,Listed by Game Informer under 2026 'To Be Announced'
Gaming & Play,Video game,Sparkball,,2026 TBA,Announced,,,PC,https://gameinformer.com/2026,Release calendar,Listed by Game Informer under 2026 'To Be Announced'
Gaming & Play,Video game,"Springs, Eternal",,2026 TBA,Announced,,,PC,https://gameinformer.com/2026,Release calendar,Listed by Game Informer under 2026 'To Be Announced'
Gaming & Play,Video game,Squadron 42,,2026 TBA,Announced,,,PC,https://gameinformer.com/2026,Release calendar,Listed by Game Informer under 2026 'To Be Announced'
Gaming & Play,Video game,Stage Tour,,2026 TBA,Announced,,,"PlayStation 5, Xbox Series X/S, Switch 2, PC",https://gameinformer.com/2026,Release calendar,Listed by Game Informer under 2026 'To Be Announced'
Gaming & Play,Video game,Star Trek: Outposts Unknown,,2026 TBA,Announced,,,PC,https://gameinformer.com/2026,Release calendar,Listed by Game Informer under 2026 'To Be Announced'
Gaming & Play,Video game,Starfinder: Afterlight (Early Access),,2026 TBA,Announced,,,PC,https://gameinformer.com/2026,Release calendar,Listed by Game Informer under 2026 'To Be Announced'
Gaming & Play,Video game,Stellar Blade,,2026 TBA,Announced,,,Switch 2,https://gameinformer.com/2026,Release calendar,Listed by Game Informer under 2026 'To Be Announced'
Gaming & Play,Video game,Stronghold 4 (Early Access),,2026 TBA,Announced,,,PC,https://gameinformer.com/2026,Release calendar,Listed by Game Informer under 2026 'To Be Announced'
Gaming & Play,Video game,TankRat,,2026 TBA,Announced,,,"PlayStation 5, PC",https://gameinformer.com/2026,Release calendar,Listed by Game Informer under 2026 'To Be Announced'
Gaming & Play,Video game,Tanuki: Pon's Summer,,2026 TBA,Announced,,,"Xbox Series X/S, Xbox One, Switch, PC",https://gameinformer.com/2026,Release calendar,Listed by Game Informer under 2026 'To Be Announced'
Gaming & Play,Video game,The Dungeon Experience,,2026 TBA,Announced,,,PC,https://gameinformer.com/2026,Release calendar,Listed by Game Informer under 2026 'To Be Announced'
Gaming & Play,Video game,The Duskbloods,,2026 TBA,Announced,,,Switch 2,https://gameinformer.com/2026,Release calendar,Listed by Game Informer under 2026 'To Be Announced'
Gaming & Play,Video game,The Eternal Life of Goldman,,2026 TBA,Announced,,,"PlayStation 5, Xbox Series X/S, Switch, PC",https://gameinformer.com/2026,Release calendar,Listed by Game Informer under 2026 'To Be Announced'
Gaming & Play,Video game,The Guild - Europa 1410 (Early Access),,2026 TBA,Announced,,,PC,https://gameinformer.com/2026,Release calendar,Listed by Game Informer under 2026 'To Be Announced'
Gaming & Play,Video game,The Heirloom,,2026 TBA,Announced,,,"PlayStation 5, Xbox Series X/S, PlayStation 4, Xbox One, Switch, PC",https://gameinformer.com/2026,Release calendar,Listed by Game Informer under 2026 'To Be Announced'
Gaming & Play,Video game,The Jackbox Party Pack 12,,2026 TBA,Announced,,,"PlayStation 5, Xbox Series X/S, Switch 2, Switch, PC, iOS",https://gameinformer.com/2026,Release calendar,Listed by Game Informer under 2026 'To Be Announced'
Gaming & Play,Video game,The Legend of California (Early Access),,2026 TBA,Announced,,,PC,https://gameinformer.com/2026,Release calendar,Listed by Game Informer under 2026 'To Be Announced'
Gaming & Play,Video game,The Legend of Zelda: Ocarina of Time (2026),,2026 TBA,Announced,,,Switch 2,https://gameinformer.com/2026,Release calendar,Listed by Game Informer under 2026 'To Be Announced'
Gaming & Play,Video game,The Wolf Among Us Remastered,,2026 TBA,Announced,,,"PlayStation 5, Xbox Series X/S, Switch 2, Switch, PC",https://gameinformer.com/2026,Release calendar,Listed by Game Informer under 2026 'To Be Announced'
Gaming & Play,Video game,Theos: Cities of Myth,,2026 TBA,Announced,,,PC,https://gameinformer.com/2026,Release calendar,Listed by Game Informer under 2026 'To Be Announced'
Gaming & Play,Video game,There Are No Ghosts at the Grand,,2026 TBA,Announced,,,"Xbox Series X/S, PC",https://gameinformer.com/2026,Release calendar,Listed by Game Informer under 2026 'To Be Announced'
Gaming & Play,Video game,Time Takers,,2026 TBA,Announced,,,PC,https://gameinformer.com/2026,Release calendar,Listed by Game Informer under 2026 'To Be Announced'
Gaming & Play,Video game,Tom the Postgirl,,2026 TBA,Announced,,,PC,https://gameinformer.com/2026,Release calendar,Listed by Game Informer under 2026 'To Be Announced'
Gaming & Play,Video game,Toxic Crusaders,,2026 TBA,Announced,,,"PlayStation 5, Xbox Series X/S, PlayStation 4, Xbox One, Switch, PC",https://gameinformer.com/2026,Release calendar,Listed by Game Informer under 2026 'To Be Announced'
Gaming & Play,Video game,Trivia Murder Party III (Early Access),,2026 TBA,Announced,,,PC,https://gameinformer.com/2026,Release calendar,Listed by Game Informer under 2026 'To Be Announced'
Gaming & Play,Video game,Tropico 7,,2026 TBA,Announced,,,"PlayStation 5, Xbox Series X/S, PC",https://gameinformer.com/2026,Release calendar,Listed by Game Informer under 2026 'To Be Announced'
Gaming & Play,Video game,Turok: Origins,,2026 TBA,Announced,,,"PlayStation 5, Xbox Series X/S, Switch 2, PC",https://gameinformer.com/2026,Release calendar,Listed by Game Informer under 2026 'To Be Announced'
Gaming & Play,Video game,UN:Me,,2026 TBA,Announced,,,PC,https://gameinformer.com/2026,Release calendar,Listed by Game Informer under 2026 'To Be Announced'
Gaming & Play,Video game,Usual June,,2026 TBA,Announced,,,PC,https://gameinformer.com/2026,Release calendar,Listed by Game Informer under 2026 'To Be Announced'
Gaming & Play,Video game,Vampire Crawlers,,2026 TBA,Announced,,,"iOS, Android",https://gameinformer.com/2026,Release calendar,Listed by Game Informer under 2026 'To Be Announced'
Gaming & Play,Video game,Vampire: The Masquerade – Oaths and Ashes,,2026 TBA,Announced,,,PC,https://gameinformer.com/2026,Release calendar,Listed by Game Informer under 2026 'To Be Announced'
Gaming & Play,Video game,Vaunted,,2026 TBA,Announced,,,PC,https://gameinformer.com/2026,Release calendar,Listed by Game Informer under 2026 'To Be Announced'
Gaming & Play,Video game,Vexlands,,2026 TBA,Announced,,,PC,https://gameinformer.com/2026,Release calendar,Listed by Game Informer under 2026 'To Be Announced'
Gaming & Play,Video game,Virtue and a Sledgehammer,,2026 TBA,Announced,,,PC,https://gameinformer.com/2026,Release calendar,Listed by Game Informer under 2026 'To Be Announced'
Gaming & Play,Video game,"Warhammer 40,000: Boltgun 2",,2026 TBA,Announced,,,"PlayStation 5, Xbox Series X/S, PC",https://gameinformer.com/2026,Release calendar,Listed by Game Informer under 2026 'To Be Announced'
Gaming & Play,Video game,"Warhammer 40,000: Space Marine 2",,2026 TBA,Announced,,,Switch 2,https://gameinformer.com/2026,Release calendar,Listed by Game Informer under 2026 'To Be Announced'
Gaming & Play,Video game,Warhammer Survivors,,2026 TBA,Announced,,,"PlayStation 5, Xbox Series X/S, Switch 2, Switch, PC, iOS, Android",https://gameinformer.com/2026,Release calendar,Listed by Game Informer under 2026 'To Be Announced'
Gaming & Play,Video game,We Were Here Tomorrow,,2026 TBA,Announced,,,"PlayStation 5, Xbox Series X/S, PC",https://gameinformer.com/2026,Release calendar,Listed by Game Informer under 2026 'To Be Announced'
Gaming & Play,Video game,Well Dweller,,2026 TBA,Announced,,,"Switch, PC",https://gameinformer.com/2026,Release calendar,Listed by Game Informer under 2026 'To Be Announced'
Gaming & Play,Video game,Wild Blue Skies,,2026 TBA,Announced,,,Switch,https://gameinformer.com/2026,Release calendar,Listed by Game Informer under 2026 'To Be Announced'
Gaming & Play,Video game,Windblown,,2026 TBA,Announced,,,PC,https://gameinformer.com/2026,Release calendar,Listed by Game Informer under 2026 'To Be Announced'
Gaming & Play,Video game,Winter Burrow,,2026 TBA,Announced,,,"iOS, Android",https://gameinformer.com/2026,Release calendar,Listed by Game Informer under 2026 'To Be Announced'
Gaming & Play,Video game,Witchbrook,,2026 TBA,Announced,,,"Xbox Series X/S, Switch 2, Xbox One, Switch, PC",https://gameinformer.com/2026,Release calendar,Listed by Game Informer under 2026 'To Be Announced'
Gaming & Play,Video game,Witchfire,,2026 TBA,Announced,,,PC,https://gameinformer.com/2026,Release calendar,Listed by Game Informer under 2026 'To Be Announced'
Gaming & Play,Video game,Wolfhound,,2026 TBA,Announced,,,"PlayStation 5, Switch, PC",https://gameinformer.com/2026,Release calendar,Listed by Game Informer under 2026 'To Be Announced'
Gaming & Play,Video game,Wyldheart (Early Access),,2026 TBA,Announced,,,PC,https://gameinformer.com/2026,Release calendar,Listed by Game Informer under 2026 'To Be Announced'
Books,Adult,Agrippa,Robert Harris,2026-09,Confirmed,,9780385552387,US,https://www.publishersweekly.com/pw/by-topic/new-titles/on-sale-calendar/article/100694-the-on-sale-calendar-september-2026.html,Publisher trade calendar,Listed in Publishers Weekly on-sale calendar
Books,Adult,Always Have Enough,Maria Melchor,2026-09,Confirmed,,9780316580465,US,https://www.publishersweekly.com/pw/by-topic/new-titles/on-sale-calendar/article/100694-the-on-sale-calendar-september-2026.html,Publisher trade calendar,Listed in Publishers Weekly on-sale calendar
Books,Adult,An Immaculate Deception,Isabela Livino,2026-09,Confirmed,,9798217048373,US,https://www.publishersweekly.com/pw/by-topic/new-titles/on-sale-calendar/article/100694-the-on-sale-calendar-september-2026.html,Publisher trade calendar,Listed in Publishers Weekly on-sale calendar
Books,Adult,Ash and Honor: The Untold 368 Minutes of 9/11,Jeffrey Robinson,2026-09,Confirmed,,9781250465191,US,https://www.publishersweekly.com/pw/by-topic/new-titles/on-sale-calendar/article/100694-the-on-sale-calendar-september-2026.html,Publisher trade calendar,Listed in Publishers Weekly on-sale calendar
Books,Adult,Ausländer: One Family’s Story of Escape and Exile,Michael Moritz,2026-09,Confirmed,,9798897101924,US,https://www.publishersweekly.com/pw/by-topic/new-titles/on-sale-calendar/article/100694-the-on-sale-calendar-september-2026.html,Publisher trade calendar,Listed in Publishers Weekly on-sale calendar
Books,Adult,Backwater,James Sallis,2026-09,Confirmed,,9781641298599,US,https://www.publishersweekly.com/pw/by-topic/new-titles/on-sale-calendar/article/100694-the-on-sale-calendar-september-2026.html,Publisher trade calendar,Listed in Publishers Weekly on-sale calendar
Books,Adult,The Birthing Tree,Amanda Peters,2026-09,Confirmed,,9781646223695,US,https://www.publishersweekly.com/pw/by-topic/new-titles/on-sale-calendar/article/100694-the-on-sale-calendar-september-2026.html,Publisher trade calendar,Listed in Publishers Weekly on-sale calendar
Books,Adult,Blacktail,Scott Hawkins,2026-09,Confirmed,,9798217089963,US,https://www.publishersweekly.com/pw/by-topic/new-titles/on-sale-calendar/article/100694-the-on-sale-calendar-september-2026.html,Publisher trade calendar,Listed in Publishers Weekly on-sale calendar
Books,Adult,Bound by Fate,A.N. Caudle,2026-09,Confirmed,,9798217188062,US,https://www.publishersweekly.com/pw/by-topic/new-titles/on-sale-calendar/article/100694-the-on-sale-calendar-september-2026.html,Publisher trade calendar,Listed in Publishers Weekly on-sale calendar
Books,Adult,The Castle,Jon Ronson,2026-09,Confirmed,,9781594634208,US,https://www.publishersweekly.com/pw/by-topic/new-titles/on-sale-calendar/article/100694-the-on-sale-calendar-september-2026.html,Publisher trade calendar,Listed in Publishers Weekly on-sale calendar
Books,Adult,Crossing the Wine-Dark Sea: Journeys Through Ancient Literature,Emily Wilson,2026-09,Confirmed,,9781324099406,US,https://www.publishersweekly.com/pw/by-topic/new-titles/on-sale-calendar/article/100694-the-on-sale-calendar-september-2026.html,Publisher trade calendar,Listed in Publishers Weekly on-sale calendar
Books,Adult,The Daddy’s Girl (deluxe ed.),Sara Cate,2026-09,Confirmed,,9781464234484,US,https://www.publishersweekly.com/pw/by-topic/new-titles/on-sale-calendar/article/100694-the-on-sale-calendar-september-2026.html,Publisher trade calendar,Listed in Publishers Weekly on-sale calendar
Books,Adult,The Disappearers,Marlon James,2026-09,Confirmed,,9780593717202,US,https://www.publishersweekly.com/pw/by-topic/new-titles/on-sale-calendar/article/100694-the-on-sale-calendar-september-2026.html,Publisher trade calendar,Listed in Publishers Weekly on-sale calendar
Books,Adult,Under Story,Chloe Benjamin,2026-09,Confirmed,,9780593545218,US,https://www.publishersweekly.com/pw/by-topic/new-titles/on-sale-calendar/article/100694-the-on-sale-calendar-september-2026.html,Publisher trade calendar,Listed in Publishers Weekly on-sale calendar
Books,Adult,The Wolf Queen's Curse,Kaylee Archer,2026-09,Confirmed,,9781250393104,US,https://www.publishersweekly.com/pw/by-topic/new-titles/on-sale-calendar/article/100694-the-on-sale-calendar-september-2026.html,Publisher trade calendar,Listed in Publishers Weekly on-sale calendar
Books,Adult,The World’s Worst Mom,Sona Movsesian,2026-09,Confirmed,,9798217046706,US,https://www.publishersweekly.com/pw/by-topic/new-titles/on-sale-calendar/article/100694-the-on-sale-calendar-september-2026.html,Publisher trade calendar,Listed in Publishers Weekly on-sale calendar
Books,Adult,Tom Clancy Pressure Depth,Jack Stewart,2026-09,Confirmed,,9798217183166,US,https://www.publishersweekly.com/pw/by-topic/new-titles/on-sale-calendar/article/100694-the-on-sale-calendar-september-2026.html,Publisher trade calendar,Listed in Publishers Weekly on-sale calendar
Books,Adult,Queens and Kings: An Unusual Personal History,Lucy Worsley,2026-09,Confirmed,,9798897101825,US,https://www.publishersweekly.com/pw/by-topic/new-titles/on-sale-calendar/article/100694-the-on-sale-calendar-september-2026.html,Publisher trade calendar,Listed in Publishers Weekly on-sale calendar
Books,Adult,The Art of Fighting,Priya Parker,2026-09,Confirmed,,9780593420225,US,https://www.publishersweekly.com/pw/by-topic/new-titles/on-sale-calendar/article/100694-the-on-sale-calendar-september-2026.html,Publisher trade calendar,Listed in Publishers Weekly on-sale calendar
Books,Adult,Backslide: Reclaiming a Faith and a Nation After the Christian Turn Against Democracy,Robert P. Jones,2026-09,Confirmed,,9781250431134,US,https://www.publishersweekly.com/pw/by-topic/new-titles/on-sale-calendar/article/100694-the-on-sale-calendar-september-2026.html,Publisher trade calendar,Listed in Publishers Weekly on-sale calendar
Books,Adult,A Beautiful Lie,Tanya Grant,2026-09,Confirmed,,9780593954065,US,https://www.publishersweekly.com/pw/by-topic/new-titles/on-sale-calendar/article/100694-the-on-sale-calendar-september-2026.html,Publisher trade calendar,Listed in Publishers Weekly on-sale calendar
Books,Adult,Berlin Before and After: A Cautionary Mirror for Our Times,Wendy Lesser,2026-09,Confirmed,,9780063321359,US,https://www.publishersweekly.com/pw/by-topic/new-titles/on-sale-calendar/article/100694-the-on-sale-calendar-september-2026.html,Publisher trade calendar,Listed in Publishers Weekly on-sale calendar
Books,Adult,Burn of the Everflame,Penn Cole,2026-09,Confirmed,,9781668200223,US,https://www.publishersweekly.com/pw/by-topic/new-titles/on-sale-calendar/article/100694-the-on-sale-calendar-september-2026.html,Publisher trade calendar,Listed in Publishers Weekly on-sale calendar
Books,Adult,"Bytes and Bullets: Global Rivalries, Big Tech, and the New Shape of Modern Warfare",Steve Feldstein,2026-09,Confirmed,,9781250394088,US,https://www.publishersweekly.com/pw/by-topic/new-titles/on-sale-calendar/article/100694-the-on-sale-calendar-september-2026.html,Publisher trade calendar,Listed in Publishers Weekly on-sale calendar
Books,Adult,The Case for Quitting,Lindsay Crouse,2026-09,Confirmed,,9780063277571,US,https://www.publishersweekly.com/pw/by-topic/new-titles/on-sale-calendar/article/100694-the-on-sale-calendar-september-2026.html,Publisher trade calendar,Listed in Publishers Weekly on-sale calendar
Books,Adult,The Chinese Lady,Bo Wang,2026-09,Confirmed,,9780063467736,US,https://www.publishersweekly.com/pw/by-topic/new-titles/on-sale-calendar/article/100694-the-on-sale-calendar-september-2026.html,Publisher trade calendar,Listed in Publishers Weekly on-sale calendar
Books,Adult,The Courage to Be Ordinary,Ichiro Kishimi,2026-09,Confirmed,,9780063576193,US,https://www.publishersweekly.com/pw/by-topic/new-titles/on-sale-calendar/article/100694-the-on-sale-calendar-september-2026.html,Publisher trade calendar,Listed in Publishers Weekly on-sale calendar
Books,Adult,Against Convenience: Embracing Friction in an Age of Endless Ease,Gabe Bullard,2026-09,Confirmed,,9781335000699,US,https://www.publishersweekly.com/pw/by-topic/new-titles/on-sale-calendar/article/100694-the-on-sale-calendar-september-2026.html,Publisher trade calendar,Listed in Publishers Weekly on-sale calendar
Books,Adult,The Age of Blood and Magic,Hannah Mathewson,2026-09,Confirmed,,9780063456280,US,https://www.publishersweekly.com/pw/by-topic/new-titles/on-sale-calendar/article/100694-the-on-sale-calendar-september-2026.html,Publisher trade calendar,Listed in Publishers Weekly on-sale calendar
Books,Adult,American Caesar: How Theocrats and Tech Lords Are Turning America into a Monarchy,Bradley B. Onishi,2026-09,Confirmed,,9781250427922,US,https://www.publishersweekly.com/pw/by-topic/new-titles/on-sale-calendar/article/100694-the-on-sale-calendar-september-2026.html,Publisher trade calendar,Listed in Publishers Weekly on-sale calendar
Books,Adult,Big Cats Dance Party (No. 1 Ladies’ Detective Agency),Alexander McCall Smith,2026-09,Confirmed,,9798217207480,US,https://www.publishersweekly.com/pw/by-topic/new-titles/on-sale-calendar/article/100694-the-on-sale-calendar-september-2026.html,Publisher trade calendar,Listed in Publishers Weekly on-sale calendar
Books,Adult,Blue Jean Summer,Maggie Gates,2026-09,Confirmed,,9780593955901,US,https://www.publishersweekly.com/pw/by-topic/new-titles/on-sale-calendar/article/100694-the-on-sale-calendar-september-2026.html,Publisher trade calendar,Listed in Publishers Weekly on-sale calendar
Books,Adult,The Bookshop Woman,Nanako Hanada,2026-09,Confirmed,,9798217045556,US,https://www.publishersweekly.com/pw/by-topic/new-titles/on-sale-calendar/article/100694-the-on-sale-calendar-september-2026.html,Publisher trade calendar,Listed in Publishers Weekly on-sale calendar
Books,Adult,Double Tap,Vince Flynn,2026-09,Confirmed,,9781668045916,US,https://www.publishersweekly.com/pw/by-topic/new-titles/on-sale-calendar/article/100694-the-on-sale-calendar-september-2026.html,Publisher trade calendar,Listed in Publishers Weekly on-sale calendar
Books,Adult,The Emperor’s Enemy (deluxe ed.),Jasmine Mas,2026-09,Confirmed,,9780778307518,US,https://www.publishersweekly.com/pw/by-topic/new-titles/on-sale-calendar/article/100694-the-on-sale-calendar-september-2026.html,Publisher trade calendar,Listed in Publishers Weekly on-sale calendar
Books,Adult,Birth of a Culture,Grandmaster Flash and Robert “Scoop” Jackson,2026-09,Confirmed,,9780063467583,US,https://www.publishersweekly.com/pw/by-topic/new-titles/on-sale-calendar/article/100694-the-on-sale-calendar-september-2026.html,Publisher trade calendar,Listed in Publishers Weekly on-sale calendar
Books,Adult,The Book of Possibility: Release. Align. Become,Jim Curtis,2026-09,Confirmed,,9781668246498,US,https://www.publishersweekly.com/pw/by-topic/new-titles/on-sale-calendar/article/100694-the-on-sale-calendar-september-2026.html,Publisher trade calendar,Listed in Publishers Weekly on-sale calendar
Books,Adult,Call Off the Dark,Hallie Shepherd,2026-09,Confirmed,,9780063489516,US,https://www.publishersweekly.com/pw/by-topic/new-titles/on-sale-calendar/article/100694-the-on-sale-calendar-september-2026.html,Publisher trade calendar,Listed in Publishers Weekly on-sale calendar
Books,Adult,Cook Asian,Chris Joe and Carolynn Carreño,2026-09,Confirmed,,9780593853368,US,https://www.publishersweekly.com/pw/by-topic/new-titles/on-sale-calendar/article/100694-the-on-sale-calendar-september-2026.html,Publisher trade calendar,Listed in Publishers Weekly on-sale calendar
Books,Adult,The Cortisol Cure,Erin Kinney,2026-09,Confirmed,,9781538777411,US,https://www.publishersweekly.com/pw/by-topic/new-titles/on-sale-calendar/article/100694-the-on-sale-calendar-september-2026.html,Publisher trade calendar,Listed in Publishers Weekly on-sale calendar
Books,Adult,A Curse for Christmas Past,Morgan Lockhart,2026-09,Confirmed,,9798217185177,US,https://www.publishersweekly.com/pw/by-topic/new-titles/on-sale-calendar/article/100694-the-on-sale-calendar-september-2026.html,Publisher trade calendar,Listed in Publishers Weekly on-sale calendar
Books,Adult,Cursed City,Kate Golden,2026-09,Confirmed,,9780593953457,US,https://www.publishersweekly.com/pw/by-topic/new-titles/on-sale-calendar/article/100694-the-on-sale-calendar-september-2026.html,Publisher trade calendar,Listed in Publishers Weekly on-sale calendar
Books,Adult,Damned If I Do,Alexandria Bellefleur,2026-09,Confirmed,,9780593952528,US,https://www.publishersweekly.com/pw/by-topic/new-titles/on-sale-calendar/article/100694-the-on-sale-calendar-september-2026.html,Publisher trade calendar,Listed in Publishers Weekly on-sale calendar
Books,Adult,Dodge City,Patrick deWitt,2026-09,Confirmed,,9780063438118,US,https://www.publishersweekly.com/pw/by-topic/new-titles/on-sale-calendar/article/100694-the-on-sale-calendar-september-2026.html,Publisher trade calendar,Listed in Publishers Weekly on-sale calendar
Books,Adult,The Dying Light,Ann Cleeves,2026-09,Confirmed,,9781250836809,US,https://www.publishersweekly.com/pw/by-topic/new-titles/on-sale-calendar/article/100694-the-on-sale-calendar-september-2026.html,Publisher trade calendar,Listed in Publishers Weekly on-sale calendar
Books,Adult,American Hagwon,Min Jin Lee,2026-09,Confirmed,,9781538752036,US,https://www.publishersweekly.com/pw/by-topic/new-titles/on-sale-calendar/article/100694-the-on-sale-calendar-september-2026.html,Publisher trade calendar,Listed in Publishers Weekly on-sale calendar
Books,Adult,The American Way of Killing,Malcolm Gladwell,2026-09,Confirmed,,9780316603782,US,https://www.publishersweekly.com/pw/by-topic/new-titles/on-sale-calendar/article/100694-the-on-sale-calendar-september-2026.html,Publisher trade calendar,Listed in Publishers Weekly on-sale calendar
Books,Adult,Bake Anything,Erin Jeanne McDowell,2026-09,Confirmed,,9780063411364,US,https://www.publishersweekly.com/pw/by-topic/new-titles/on-sale-calendar/article/100694-the-on-sale-calendar-september-2026.html,Publisher trade calendar,Listed in Publishers Weekly on-sale calendar
Books,Adult,25 Dates of Christmas,Kathryn Freeman,2026-10,Confirmed,,9780063577732,US,https://www.publishersweekly.com/pw/by-topic/new-titles/on-sale-calendar/article/100815-the-on-sale-calendar-october-2026.html,Publisher trade calendar,Listed in Publishers Weekly on-sale calendar
Books,Adult,Agate Head / Stone Soup,Patricia Lockwood,2026-10,Confirmed,,9780143139485,US,https://www.publishersweekly.com/pw/by-topic/new-titles/on-sale-calendar/article/100815-the-on-sale-calendar-october-2026.html,Publisher trade calendar,Listed in Publishers Weekly on-sale calendar
Books,Adult,Back for Seconds,Betty Corrello,2026-10,Confirmed,,9781464291623,US,https://www.publishersweekly.com/pw/by-topic/new-titles/on-sale-calendar/article/100815-the-on-sale-calendar-october-2026.html,Publisher trade calendar,Listed in Publishers Weekly on-sale calendar
Books,Adult,Bad Words: A Novel,Ríoghnach Robinson,2026-10,Confirmed,,9781250431295,US,https://www.publishersweekly.com/pw/by-topic/new-titles/on-sale-calendar/article/100815-the-on-sale-calendar-october-2026.html,Publisher trade calendar,Listed in Publishers Weekly on-sale calendar
Books,Adult,Before You Were Anne,Emiko Jean,2026-10,Confirmed,,9781668023969,US,https://www.publishersweekly.com/pw/by-topic/new-titles/on-sale-calendar/article/100815-the-on-sale-calendar-october-2026.html,Publisher trade calendar,Listed in Publishers Weekly on-sale calendar
Books,Adult,The Book of the Dead,Jonathan Strahan,2026-10,Confirmed,,9780063381988,US,https://www.publishersweekly.com/pw/by-topic/new-titles/on-sale-calendar/article/100815-the-on-sale-calendar-october-2026.html,Publisher trade calendar,Listed in Publishers Weekly on-sale calendar
Books,Adult,Broken Rival,Tessa Bailey,2026-10,Confirmed,,9780063381032,US,https://www.publishersweekly.com/pw/by-topic/new-titles/on-sale-calendar/article/100815-the-on-sale-calendar-october-2026.html,Publisher trade calendar,Listed in Publishers Weekly on-sale calendar
Books,Adult,Charlie's Boy,D.L. Hughley,2026-10,Confirmed,,9780063435438,US,https://www.publishersweekly.com/pw/by-topic/new-titles/on-sale-calendar/article/100815-the-on-sale-calendar-october-2026.html,Publisher trade calendar,Listed in Publishers Weekly on-sale calendar
Books,Adult,Coiled at the Roots,Scarlett St. Clair,2026-10,Confirmed,,9781464280207,US,https://www.publishersweekly.com/pw/by-topic/new-titles/on-sale-calendar/article/100815-the-on-sale-calendar-october-2026.html,Publisher trade calendar,Listed in Publishers Weekly on-sale calendar
Books,Adult,Cooking with H Mart,Stacey Kwon and H Mart,2026-10,Confirmed,,9781648293382,US,https://www.publishersweekly.com/pw/by-topic/new-titles/on-sale-calendar/article/100815-the-on-sale-calendar-october-2026.html,Publisher trade calendar,Listed in Publishers Weekly on-sale calendar
Books,Adult,Partita,Barbara Kingsolver,2026-10,Confirmed,,9780063577541,US,https://www.publishersweekly.com/pw/by-topic/new-titles/on-sale-calendar/article/100815-the-on-sale-calendar-october-2026.html,Publisher trade calendar,Listed in Publishers Weekly on-sale calendar
Books,Adult,Portrait of a Haunting,Madison Tyler Nelson,2026-10,Confirmed,,9798217189342,US,https://www.publishersweekly.com/pw/by-topic/new-titles/on-sale-calendar/article/100815-the-on-sale-calendar-october-2026.html,Publisher trade calendar,Listed in Publishers Weekly on-sale calendar
Books,Adult,Reap & Sow,Charlotte B. Plumb,2026-10,Confirmed,,9798217239689,US,https://www.publishersweekly.com/pw/by-topic/new-titles/on-sale-calendar/article/100815-the-on-sale-calendar-october-2026.html,Publisher trade calendar,Listed in Publishers Weekly on-sale calendar
Books,Adult,The Savage Mind: An American Legacy,David Treuer,2026-10,Confirmed,,9780316599436,US,https://www.publishersweekly.com/pw/by-topic/new-titles/on-sale-calendar/article/100815-the-on-sale-calendar-october-2026.html,Publisher trade calendar,Listed in Publishers Weekly on-sale calendar
Books,Adult,Sea Change: America’s New Great Game in the Arctic Circle,Rana Foroohar,2026-10,Confirmed,,9798217088829,US,https://www.publishersweekly.com/pw/by-topic/new-titles/on-sale-calendar/article/100815-the-on-sale-calendar-october-2026.html,Publisher trade calendar,Listed in Publishers Weekly on-sale calendar
Books,Adult,The Secrets of Everlight,Julie Hall,2026-10,Confirmed,,9798217191390,US,https://www.publishersweekly.com/pw/by-topic/new-titles/on-sale-calendar/article/100815-the-on-sale-calendar-october-2026.html,Publisher trade calendar,Listed in Publishers Weekly on-sale calendar
Books,Adult,The Stolen Crown,LJ Andrews,2026-10,Confirmed,,9780593955116,US,https://www.publishersweekly.com/pw/by-topic/new-titles/on-sale-calendar/article/100815-the-on-sale-calendar-october-2026.html,Publisher trade calendar,Listed in Publishers Weekly on-sale calendar
Books,Adult,Taylor Swift: The Debut Years,Emily Yahr,2026-10,Confirmed,,9781250379252,US,https://www.publishersweekly.com/pw/by-topic/new-titles/on-sale-calendar/article/100815-the-on-sale-calendar-october-2026.html,Publisher trade calendar,Listed in Publishers Weekly on-sale calendar
Books,Adult,This Shattered Tempest (deluxe ed.),Thea Guanzon,2026-10,Confirmed,,9780063277359,US,https://www.publishersweekly.com/pw/by-topic/new-titles/on-sale-calendar/article/100815-the-on-sale-calendar-october-2026.html,Publisher trade calendar,Listed in Publishers Weekly on-sale calendar
Books,Adult,We Radiant Things: Notes on Being Alien and Becoming Cyborg,Franny Choi,2026-10,Confirmed,,9780063240216,US,https://www.publishersweekly.com/pw/by-topic/new-titles/on-sale-calendar/article/100815-the-on-sale-calendar-october-2026.html,Publisher trade calendar,Listed in Publishers Weekly on-sale calendar
Books,Adult,Penelope: A Love Story,Paul Bochner,2026-10,Confirmed,,9798217399413,US,https://www.publishersweekly.com/pw/by-topic/new-titles/on-sale-calendar/article/100815-the-on-sale-calendar-october-2026.html,Publisher trade calendar,Listed in Publishers Weekly on-sale calendar
Books,Adult,Perilous Enchantment,Sarah Clegg,2026-10,Confirmed,,9781668206478,US,https://www.publishersweekly.com/pw/by-topic/new-titles/on-sale-calendar/article/100815-the-on-sale-calendar-october-2026.html,Publisher trade calendar,Listed in Publishers Weekly on-sale calendar
Books,Adult,Sitcom,Chuck Lorre,2026-10,Confirmed,,9780063569867,US,https://www.publishersweekly.com/pw/by-topic/new-titles/on-sale-calendar/article/100815-the-on-sale-calendar-october-2026.html,Publisher trade calendar,Listed in Publishers Weekly on-sale calendar
Books,Adult,Something is Killing the Children: Hope is a Knife,James Tynion IV and Kiersten White,2026-10,Confirmed,,9780593799383,US,https://www.publishersweekly.com/pw/by-topic/new-titles/on-sale-calendar/article/100815-the-on-sale-calendar-october-2026.html,Publisher trade calendar,Listed in Publishers Weekly on-sale calendar
Books,Adult,Vibe,Adam Grant,2026-10,Confirmed,,9798217059706,US,https://www.publishersweekly.com/pw/by-topic/new-titles/on-sale-calendar/article/100815-the-on-sale-calendar-october-2026.html,Publisher trade calendar,Listed in Publishers Weekly on-sale calendar
Books,Adult,The Family Cross: An Alex Cross Thriller,James Patterson,2026-10,Confirmed,,9780316569743,US,https://www.publishersweekly.com/pw/by-topic/new-titles/on-sale-calendar/article/100815-the-on-sale-calendar-october-2026.html,Publisher trade calendar,Listed in Publishers Weekly on-sale calendar
Books,Adult,The Brightness: A Novel,Chad Harbach,2026-10,Confirmed,,9780316455695,US,https://www.publishersweekly.com/pw/by-topic/new-titles/on-sale-calendar/article/100815-the-on-sale-calendar-october-2026.html,Publisher trade calendar,Listed in Publishers Weekly on-sale calendar
Books,Adult,Chateau Reverie,Natasha Siegel,2026-10,Confirmed,,9780063467873,US,https://www.publishersweekly.com/pw/by-topic/new-titles/on-sale-calendar/article/100815-the-on-sale-calendar-october-2026.html,Publisher trade calendar,Listed in Publishers Weekly on-sale calendar
Books,Adult,Boiling Point: How America Brought War to Ukraine,Stephen Kinzer,2026-11,Confirmed,,9781250413086,US,https://www.publishersweekly.com/pw/by-topic/new-titles/on-sale-calendar/article/100901-the-on-sale-calendar-november-2026.html,Publisher trade calendar,Listed in Publishers Weekly on-sale calendar
Books,Adult,Captive Traitor King (deluxe ed.),Brigid Kemmerer,2026-11,Confirmed,,9780063391741,US,https://www.publishersweekly.com/pw/by-topic/new-titles/on-sale-calendar/article/100901-the-on-sale-calendar-november-2026.html,Publisher trade calendar,Listed in Publishers Weekly on-sale calendar
Books,Adult,Castles,Dan Jones,2026-11,Confirmed,,9798217060306,US,https://www.publishersweekly.com/pw/by-topic/new-titles/on-sale-calendar/article/100901-the-on-sale-calendar-november-2026.html,Publisher trade calendar,Listed in Publishers Weekly on-sale calendar
Books,Adult,Cherry,Rose Wilding,2026-11,Confirmed,,9781250886965,US,https://www.publishersweekly.com/pw/by-topic/new-titles/on-sale-calendar/article/100901-the-on-sale-calendar-november-2026.html,Publisher trade calendar,Listed in Publishers Weekly on-sale calendar
Books,Children's,Absent,Rex Ogle,2026-09,Confirmed,,9781324124894,US,https://www.publishersweekly.com/pw/by-topic/new-titles/on-sale-calendar/article/100706-the-on-sale-calendar-september-2026-children-s-books.html,Publisher trade calendar,Listed in Publishers Weekly on-sale calendar
Books,Children's,The Bad Guys in Alien vs. Bad Guys (The Bad Guys #6 Color Edition),Aaron Blabey,2026-09,Confirmed,,9798225076597,US,https://www.publishersweekly.com/pw/by-topic/new-titles/on-sale-calendar/article/100706-the-on-sale-calendar-september-2026-children-s-books.html,Publisher trade calendar,Listed in Publishers Weekly on-sale calendar
Books,Children's,Biscuit,Alyssa Satin Capucilli,2026-09,Confirmed,,9780063516519,US,https://www.publishersweekly.com/pw/by-topic/new-titles/on-sale-calendar/article/100706-the-on-sale-calendar-september-2026-children-s-books.html,Publisher trade calendar,Listed in Publishers Weekly on-sale calendar
Books,Children's,Alex and the Squid,Meghan Wilson Duff,2026-10,Confirmed,,9798888599143,US,https://www.publishersweekly.com/pw/by-topic/new-titles/on-sale-calendar/article/100707-the-on-sale-calendar-october-2026-children-s-books.html,Publisher trade calendar,Listed in Publishers Weekly on-sale calendar
Books,Children's,Alice’s Adventures in Wonderland (The Story Orchestra #12),Jessica Courtney-Tickle,2026-10,Confirmed,,9781805701798,US,https://www.publishersweekly.com/pw/by-topic/new-titles/on-sale-calendar/article/100707-the-on-sale-calendar-october-2026-children-s-books.html,Publisher trade calendar,Listed in Publishers Weekly on-sale calendar
Books,Children's,Baby Massage: Sweet Dreams,duopress labs and Christine Haeseler,2026-10,Confirmed,,9781464266973,US,https://www.publishersweekly.com/pw/by-topic/new-titles/on-sale-calendar/article/100707-the-on-sale-calendar-october-2026-children-s-books.html,Publisher trade calendar,Listed in Publishers Weekly on-sale calendar
Books,Children's,The Broken City (Renegades #2),Erin Hunter,2026-11,Confirmed,,9780063449572,US,https://www.publishersweekly.com/pw/by-topic/new-titles/on-sale-calendar/article/100779-the-on-sale-calendar-november-2026-children-s-books.html,Publisher trade calendar,Listed in Publishers Weekly on-sale calendar
Books,Children's,Clark the Shark: Winter Wonderland,Bruce Hale,2026-11,Confirmed,,9780063467170,US,https://www.publishersweekly.com/pw/by-topic/new-titles/on-sale-calendar/article/100779-the-on-sale-calendar-november-2026-children-s-books.html,Publisher trade calendar,Listed in Publishers Weekly on-sale calendar
Books,Children's,"Click, Clack... Tooth Fairy???",Doreen Cronin,2026-11,Confirmed,,9798347114702,US,https://www.publishersweekly.com/pw/by-topic/new-titles/on-sale-calendar/article/100779-the-on-sale-calendar-november-2026-children-s-books.html,Publisher trade calendar,Listed in Publishers Weekly on-sale calendar
Books,Children's,A Conspiracy of Charming Monsters: Illustrated Tales from Elfhame,Holly Black,2026-11,Confirmed,,9780316592642,US,https://www.publishersweekly.com/pw/by-topic/new-titles/on-sale-calendar/article/100779-the-on-sale-calendar-november-2026-children-s-books.html,Publisher trade calendar,Listed in Publishers Weekly on-sale calendar
Books,Children's,Crescent Moon Marching (Volume 2),Hamachi Yamada,2026-11,Confirmed,,9781546186298,US,https://www.publishersweekly.com/pw/by-topic/new-titles/on-sale-calendar/article/100779-the-on-sale-calendar-november-2026-children-s-books.html,Publisher trade calendar,Listed in Publishers Weekly on-sale calendar
Books,Children's,Slam Dunk Day (The After-School Kindness Crew #2),Goldie Hawn and Lin Oliver,2026-11,Confirmed,,9780593889480,US,https://www.publishersweekly.com/pw/by-topic/new-titles/on-sale-calendar/article/100779-the-on-sale-calendar-november-2026-children-s-books.html,Publisher trade calendar,Listed in Publishers Weekly on-sale calendar
Books,Children's,The Toast of the Town,Jory John,2026-11,Confirmed,,9780063589834,US,https://www.publishersweekly.com/pw/by-topic/new-titles/on-sale-calendar/article/100779-the-on-sale-calendar-november-2026-children-s-books.html,Publisher trade calendar,Listed in Publishers Weekly on-sale calendar
Books,Children's,Totally True Tales from World War II,Stuart Gibbs,2026-11,Confirmed,,9781665986809,US,https://www.publishersweekly.com/pw/by-topic/new-titles/on-sale-calendar/article/100779-the-on-sale-calendar-november-2026-children-s-books.html,Publisher trade calendar,Listed in Publishers Weekly on-sale calendar
Sneakers,Footwear,Nike Ja 4 “Dark Mode”,Nike,2026-09-04,Confirmed,$130,IM4135-001,Global/US,https://www.sneakerfiles.com/release-dates/,Release calendar,Future-dated on SneakerFiles
Sneakers,Footwear,FC Barcelona x Kobe Bryant x Nike Dunk Low Protro,Nike / FC Barcelona,2026-09-04,Confirmed,$135,IV7508-001,Global/US,https://www.sneakerfiles.com/release-dates/,Release calendar,Future-dated on SneakerFiles
Sneakers,Footwear,Nike Twelve Time “Nightmare”,Nike,2026-09-04,Confirmed,$90,IM4164-500,Global/US,https://www.sneakerfiles.com/release-dates/,Release calendar,Future-dated on SneakerFiles
Sneakers,Footwear,FC Barcelona x Nike Kobe 3 Low Protro,Nike / FC Barcelona,2026-09-04,Confirmed,$200,IO6257-001,Global/US,https://www.sneakerfiles.com/release-dates/,Release calendar,Future-dated on SneakerFiles
Sneakers,Footwear,Nike Air Diamond Turf 2 “49ers” 2026,Nike,2026-09-04,Confirmed,$170,II7080-001,Global/US,https://www.sneakerfiles.com/release-dates/,Release calendar,Future-dated on SneakerFiles
Sneakers,Footwear,Air Jordan 4 “Tour Yellow” 2026,Jordan,2026-09-05,Confirmed,$220,IO2463-102,Global/US,https://www.sneakerfiles.com/release-dates/,Release calendar,Future-dated on SneakerFiles
Sneakers,Footwear,Nike Air Max 95 Big Bubble “Greedy”,Nike,2026-09-08,Confirmed,$200,IM2211-001,Global/US,https://www.sneakerfiles.com/release-dates/,Release calendar,Future-dated on SneakerFiles
Sneakers,Footwear,Air Jordan 7 “Tennis Day”,Jordan,2026-09-09,Confirmed,$215,IV6508-030,Global/US,https://www.sneakerfiles.com/release-dates/,Release calendar,Future-dated on SneakerFiles
Sneakers,Footwear,Comme des Garcons Homme Plus x Air Jordan 11,Jordan / CDG,2026-09-10,Confirmed,$250,,Global/US,https://www.sneakerfiles.com/release-dates/,Release calendar,Future-dated on SneakerFiles
Sneakers,Footwear,Nike Air Zoom Huarache 2K4 Penny Hardaway “Knicks” PE,Nike,2026-09-11,Confirmed,$210,IV0345-001,Global/US,https://www.sneakerfiles.com/release-dates/,Release calendar,Future-dated on SneakerFiles
Sneakers,Footwear,Air Jordan 12 “Bucks”,Jordan,2026-09-12,Confirmed,$215,CT8013-103,Global/US,https://www.sneakerfiles.com/release-dates/,Release calendar,Future-dated on SneakerFiles
Sneakers,Footwear,Street Fighter x PUMA Suede Pack,PUMA,2026-09-12,Confirmed,,,Global/US,https://www.sneakerfiles.com/release-dates/,Release calendar,Future-dated on SneakerFiles
Sneakers,Footwear,Nike Air More Uptempo “Cobalt Bliss” 2026,Nike,2026-09-12,Confirmed,$180,DV0819-001,Global/US,https://www.sneakerfiles.com/release-dates/,Release calendar,Future-dated on SneakerFiles
Sneakers,Footwear,adidas Anthony Edwards 3 “Cold Blooded”,adidas,2026-09-15,Confirmed,$130,KH8537,Global/US,https://www.sneakerfiles.com/release-dates/,Release calendar,Future-dated on SneakerFiles
Sneakers,Footwear,Mowalola x Air Jordan 14,Jordan / Mowalola,2026-09-18,Confirmed,$255,IQ5708-001,Global/US,https://www.sneakerfiles.com/release-dates/,Release calendar,Future-dated on SneakerFiles
Sneakers,Footwear,Mowalola x Air Jordan 14 Mule,Jordan / Mowalola,2026-09-18,Confirmed,$180,IR0908-001,Global/US,https://www.sneakerfiles.com/release-dates/,Release calendar,Future-dated on SneakerFiles
Sneakers,Footwear,PSG x Nike KD 6,Nike / PSG,2026-09-18,Confirmed,$135,IU0593-001,Global/US,https://www.sneakerfiles.com/release-dates/,Release calendar,Future-dated on SneakerFiles
Sneakers,Footwear,Nike Air Foamposite Pro “Green Camo” 2026,Nike,2026-09-18,Confirmed,$250,IM5204-001,Global/US,https://www.sneakerfiles.com/release-dates/,Release calendar,Future-dated on SneakerFiles
Sneakers,Footwear,Nike Ja 4 “Jaws”,Nike,2026-09-18,Confirmed,$140,JA9742-400,Global/US,https://www.sneakerfiles.com/release-dates/,Release calendar,Future-dated on SneakerFiles
Sneakers,Footwear,Nike GT Future “Varsity Red”,Nike,2026-09-19,Confirmed,$210,FZ5590-603,Global/US,https://www.sneakerfiles.com/release-dates/,Release calendar,Future-dated on SneakerFiles
Sneakers,Footwear,APB x Air Jordan 11 Low Pack,Jordan / APB,2026-09-19,Confirmed,$205,,Global/US,https://www.sneakerfiles.com/release-dates/,Release calendar,Future-dated on SneakerFiles
Sneakers,Footwear,One Piece x Nike Air Max Plus “Devil Fruits” Collection,Nike / One Piece,2026-09-26,Confirmed,,,Global/US,https://www.sneakerfiles.com/release-dates/,Release calendar,Future-dated on SneakerFiles
Sneakers,Footwear,APB x Nike Dunk Low Pack,Nike / APB,2026-09-26,Confirmed,,,Global/US,https://www.sneakerfiles.com/release-dates/,Release calendar,Future-dated on SneakerFiles
Sneakers,Footwear,Air Jordan 1 Low OG “Howard” 2026,Jordan,2026-10-01,Confirmed,$165,IX8478-410,Global/US,https://www.sneakerfiles.com/release-dates/,Release calendar,Future-dated on SneakerFiles
Sneakers,Footwear,Air Jordan “Black Pack”,Jordan,2026-10-01,Confirmed,,,Global/US,https://www.sneakerfiles.com/release-dates/,Release calendar,Future-dated on SneakerFiles
Sneakers,Footwear,Nike Caitlin 1 “Racer Blue”,Nike,2026-10-01,Confirmed,$140,IH7423-400,Global/US,https://www.sneakerfiles.com/release-dates/,Release calendar,Future-dated on SneakerFiles
Sneakers,Footwear,Air Jordan 3 “Fireside”,Jordan,2026-10-03,Confirmed,$205,CK9246-200,Global/US,https://www.sneakerfiles.com/release-dates/,Release calendar,Future-dated on SneakerFiles
Sneakers,Footwear,Air Jordan 14 Low “Black Ostrich”,Jordan,2026-10-03,Confirmed,$240,IZ3884-001,Global/US,https://www.sneakerfiles.com/release-dates/,Release calendar,Future-dated on SneakerFiles
Sneakers,Footwear,Nike Kobe 10 Low Protro “5 AM Flight”,Nike,2026-10-05,Confirmed,$200,IQ5339-400,Global/US,https://www.sneakerfiles.com/release-dates/,Release calendar,Future-dated on SneakerFiles
Sneakers,Footwear,SoleFly x Air Jordan 5,Jordan / SoleFly,2026-10-08,Confirmed,,IU0734-001,Global/US,https://www.sneakerfiles.com/release-dates/,Release calendar,Future-dated on SneakerFiles
Sneakers,Footwear,Nike Air Griffey Max 1 “Cincinnati Reds”,Nike,2026-10-09,Confirmed,$170,JA1091-100,Global/US,https://www.sneakerfiles.com/release-dates/,Release calendar,Future-dated on SneakerFiles
Sneakers,Footwear,Air Jordan 1 High OG “Royal” 2026,Jordan,2026-10-10,Confirmed,$180,IQ5495-005,Global/US,https://www.sneakerfiles.com/release-dates/,Release calendar,Future-dated on SneakerFiles
Sneakers,Footwear,NCAA x Nike Air Force 1 Low Pack,Nike / NCAA,2026-10-15,Confirmed,$125,,Global/US,https://www.sneakerfiles.com/release-dates/,Release calendar,Future-dated on SneakerFiles
Sneakers,Footwear,Nike Air Foamposite Pro “Glow in the Dark”,Nike,2026-10-16,Confirmed,$250,IV6246-100,Global/US,https://www.sneakerfiles.com/release-dates/,Release calendar,Future-dated on SneakerFiles
Sneakers,Footwear,Air Jordan 12 “Eggnog”,Jordan,2026-10-17,Confirmed,$215,CT8013-105,Global/US,https://www.sneakerfiles.com/release-dates/,Release calendar,Future-dated on SneakerFiles
Sneakers,Footwear,Air Jordan 14 “Forest Green”,Jordan,2026-10-31,Confirmed,$215,487471-300,Global/US,https://www.sneakerfiles.com/release-dates/,Release calendar,Future-dated on SneakerFiles
Sneakers,Footwear,Nike Kobe 3 Low Protro “Black”,Nike,2026-11-01,Confirmed,$190,IV7127-002,Global/US,https://www.sneakerfiles.com/release-dates/,Release calendar,Future-dated on SneakerFiles
Sneakers,Footwear,Nike Air Foamposite Pro “Black Mummy Duck”,Nike,2026-11-03,Confirmed,$240,IZ7806-001,Global/US,https://www.sneakerfiles.com/release-dates/,Release calendar,Future-dated on SneakerFiles
Sneakers,Footwear,Air Jordan 15 “Snakeskin”,Jordan,2026-11-07,Confirmed,$240,IZ2585-001,Global/US,https://www.sneakerfiles.com/release-dates/,Release calendar,Future-dated on SneakerFiles
Sneakers,Footwear,Air Jordan 6 “White Infrared” 2026,Jordan,2026-11-07,Confirmed,$215,CT8529-105,Global/US,https://www.sneakerfiles.com/release-dates/,Release calendar,Future-dated on SneakerFiles
Sneakers,Footwear,Nike Kobe 8 Protro “Shanghai Fireworks”,Nike,2026-11-11,Confirmed,$200,IO6259-800,Global/US,https://www.sneakerfiles.com/release-dates/,Release calendar,Future-dated on SneakerFiles
Sneakers,Footwear,Air Jordan 11 “Space Jam Galaxy”,Jordan,2026-11-16,Confirmed,$255,IQ5700-900,Global/US,https://www.sneakerfiles.com/release-dates/,Release calendar,Future-dated on SneakerFiles
Sneakers,Footwear,Oregon Ducks Nike Air Force 1 Low 2026,Nike / Oregon Ducks,2026-11-21,Confirmed,$125,,Global/US,https://www.sneakerfiles.com/release-dates/,Release calendar,Future-dated on SneakerFiles
Sneakers,Footwear,Instant Skateboards x Nike SB Air Force 1,Nike SB / Instant,2026-11-28,Confirmed,$120,IV5289-002,Global/US,https://www.sneakerfiles.com/release-dates/,Release calendar,Future-dated on SneakerFiles
Sneakers,Footwear,Free The Youth x Air Jordan 3,Jordan / Free The Youth,2026-12-11,Confirmed,,IU0737-001,Global/US,https://www.sneakerfiles.com/release-dates/,Release calendar,Future-dated on SneakerFiles
Sneakers,Footwear,Nike Air Bakin “Varsity Royal” 2026,Nike,2026-12-31,Confirmed,$170,IQ5365-400,Global/US,https://www.sneakerfiles.com/release-dates/,Release calendar,Future-dated on SneakerFiles
Sneakers,Footwear,Nike Kobe 9 EM Low Protro “Philippines”,Nike,2026-12-31,Confirmed,$190,IO6262-600,Global/US,https://www.sneakerfiles.com/release-dates/,Release calendar,Future-dated on SneakerFiles
Sneakers,Footwear,Air Jordan 4 “Spotlight”,Jordan,2027-01-15,Confirmed,$220,HV0823-002,Global/US,https://www.sneakerfiles.com/release-dates/,Release calendar,Future-dated on SneakerFiles
Sneakers,Footwear,Air Jordan 14 Chartreuse 2027,Jordan,2027-01-16,Confirmed,,IX0206-001,Global/US,https://www.sneakerfiles.com/release-dates/,Release calendar,Future-dated on SneakerFiles
Sneakers,Footwear,Nike Kobe 5 Protro “Philadelphia Eagles”,Nike,2027-01-16,Confirmed,$200,JF1792-300,Global/US,https://www.sneakerfiles.com/release-dates/,Release calendar,Future-dated on SneakerFiles
Sneakers,Footwear,Air Jordan 12 “Obsidian” 2027,Jordan,2027-01-23,Confirmed,$215,CT8013-401,Global/US,https://www.sneakerfiles.com/release-dates/,Release calendar,Future-dated on SneakerFiles
Sneakers,Footwear,Air Jordan 4 “Musik”,Jordan,2027-01-30,Confirmed,$230,JA8136-200,Global/US,https://www.sneakerfiles.com/release-dates/,Release calendar,Future-dated on SneakerFiles
Sneakers,Footwear,Air Jordan 4 “White Laser” 2027,Jordan,2027-02-01,Confirmed,,IR2070-100,Global/US,https://www.sneakerfiles.com/release-dates/,Release calendar,Future-dated on SneakerFiles
Sneakers,Footwear,Air Jordan 4 “Black Laser” 2027,Jordan,2027-02-01,Confirmed,,IR2070-001,Global/US,https://www.sneakerfiles.com/release-dates/,Release calendar,Future-dated on SneakerFiles
Sneakers,Footwear,Nike GT Flight “Black Chrome”,Nike,2027-02-04,Confirmed,$180,IO7926-002,Global/US,https://www.sneakerfiles.com/release-dates/,Release calendar,Future-dated on SneakerFiles
Sneakers,Footwear,Air Jordan 14 Low “Valentines Day”,Jordan,2027-02-06,Confirmed,,IX5170-600,Global/US,https://www.sneakerfiles.com/release-dates/,Release calendar,Future-dated on SneakerFiles
Sneakers,Footwear,Air Jordan 5 “Phoenix Suns”,Jordan,2027-03-06,Confirmed,$215,DD0587-105,Global/US,https://www.sneakerfiles.com/release-dates/,Release calendar,Future-dated on SneakerFiles
Sneakers,Footwear,Air Jordan 15 “Hyper Blue”,Jordan,2027-03-12,Confirmed,,IV7643-400,Global/US,https://www.sneakerfiles.com/release-dates/,Release calendar,Future-dated on SneakerFiles
Sneakers,Footwear,Air Jordan 6 “Carmine”,Jordan,2027-03-13,Confirmed,$215,CT8529-109,Global/US,https://www.sneakerfiles.com/release-dates/,Release calendar,Future-dated on SneakerFiles
Sneakers,Footwear,Air Jordan 4 “Berlin”,Jordan,2027-03-13,Confirmed,,JA9635-001,Global/US,https://www.sneakerfiles.com/release-dates/,Release calendar,Future-dated on SneakerFiles
Sneakers,Footwear,Air Jordan 16 “Ginger”,Jordan,2027-04-10,Confirmed,$245,IX7269-700,Global/US,https://www.sneakerfiles.com/release-dates/,Release calendar,Future-dated on SneakerFiles
Sneakers,Footwear,Air Jordan 12 “Soft Blue”,Jordan,2027-04-10,Confirmed,$215,CT8013-011,Global/US,https://www.sneakerfiles.com/release-dates/,Release calendar,Future-dated on SneakerFiles
Sneakers,Footwear,Air Jordan 17 Low “Metallic Silver”,Jordan,2027-04-12,Confirmed,$245,JA0788-001,Global/US,https://www.sneakerfiles.com/release-dates/,Release calendar,Future-dated on SneakerFiles
Sneakers,Footwear,Air Jordan 4 “Jackie Robinson”,Jordan,2027-04-15,Confirmed,$230,JJ9189-101,Global/US,https://www.sneakerfiles.com/release-dates/,Release calendar,Future-dated on SneakerFiles
Sneakers,Footwear,Nike Air Max 90 “Mr. Fantastic”,Nike,2027-04-17,Confirmed,$155,IW2268-400,Global/US,https://www.sneakerfiles.com/release-dates/,Release calendar,Future-dated on SneakerFiles
Sneakers,Footwear,Air Jordan 4 “Bloodline”,Jordan,2027-04-24,Confirmed,$230,FV5029-005,Global/US,https://www.sneakerfiles.com/release-dates/,Release calendar,Future-dated on SneakerFiles
Sneakers,Footwear,Nike Kobe 8 Protro “Easter”,Nike,2027-04-24,Confirmed,$200,JA7323-300,Global/US,https://www.sneakerfiles.com/release-dates/,Release calendar,Future-dated on SneakerFiles
Sneakers,Footwear,Air Jordan 5 “Laney”,Jordan,2027-05-15,Confirmed,$215,DD0587-106,Global/US,https://www.sneakerfiles.com/release-dates/,Release calendar,Future-dated on SneakerFiles
Sneakers,Footwear,Nike Air Zoom Flight The Glove “White Poison Green”,Nike,2027-05-15,Confirmed,$170,IV6206-010,Global/US,https://www.sneakerfiles.com/release-dates/,Release calendar,Future-dated on SneakerFiles
Sneakers,Footwear,Eminem x Air Jordan 4 “Encore”,Jordan / Eminem,2027-05-15,Confirmed,$230,JJ3098-400,Global/US,https://www.sneakerfiles.com/release-dates/,Release calendar,Future-dated on SneakerFiles
Family / LEGO,Icons,LEGO 11391-1 (name TBA),LEGO,2027 TBA,Announced,,11391-1,Global,https://brickset.com/sets/year-2027,Product database,Brickset lists as 2027 and not yet released; product name not disclosed
Family / LEGO,Icons,LEGO 11392-1 (name TBA),LEGO,2027 TBA,Announced,,11392-1,Global,https://brickset.com/sets/year-2027,Product database,Brickset lists as 2027 and not yet released; product name not disclosed
Family / LEGO,Icons,LEGO 11395-1 (name TBA),LEGO,2027 TBA,Announced,,11395-1,Global,https://brickset.com/sets/year-2027,Product database,Brickset lists as 2027 and not yet released; product name not disclosed
Family / LEGO,Botanicals,LEGO 11515-1 (name TBA),LEGO,2027 TBA,Announced,,11515-1,Global,https://brickset.com/sets/year-2027,Product database,Brickset lists as 2027 and not yet released; product name not disclosed
Family / LEGO,Botanicals,LEGO 11516-1 (name TBA),LEGO,2027 TBA,Announced,,11516-1,Global,https://brickset.com/sets/year-2027,Product database,Brickset lists as 2027 and not yet released; product name not disclosed
Family / LEGO,Botanicals,LEGO 11518-1 (name TBA),LEGO,2027 TBA,Announced,,11518-1,Global,https://brickset.com/sets/year-2027,Product database,Brickset lists as 2027 and not yet released; product name not disclosed
Family / LEGO,Botanicals,LEGO 11519-1 (name TBA),LEGO,2027 TBA,Announced,,11519-1,Global,https://brickset.com/sets/year-2027,Product database,Brickset lists as 2027 and not yet released; product name not disclosed
Family / LEGO,Botanicals,LEGO 11521-1 (name TBA),LEGO,2027 TBA,Announced,,11521-1,Global,https://brickset.com/sets/year-2027,Product database,Brickset lists as 2027 and not yet released; product name not disclosed
Family / LEGO,Botanicals,LEGO 11522-1 (name TBA),LEGO,2027 TBA,Announced,,11522-1,Global,https://brickset.com/sets/year-2027,Product database,Brickset lists as 2027 and not yet released; product name not disclosed
Family / LEGO,Botanicals,LEGO 11529-1 (name TBA),LEGO,2027 TBA,Announced,,11529-1,Global,https://brickset.com/sets/year-2027,Product database,Brickset lists as 2027 and not yet released; product name not disclosed
Family / LEGO,Botanicals,LEGO 11532-1 (name TBA),LEGO,2027 TBA,Announced,,11532-1,Global,https://brickset.com/sets/year-2027,Product database,Brickset lists as 2027 and not yet released; product name not disclosed
Family / LEGO,Botanicals,LEGO 11533-1 (name TBA),LEGO,2027 TBA,Announced,,11533-1,Global,https://brickset.com/sets/year-2027,Product database,Brickset lists as 2027 and not yet released; product name not disclosed
Family / LEGO,Botanicals,LEGO 11534-1 (name TBA),LEGO,2027 TBA,Announced,,11534-1,Global,https://brickset.com/sets/year-2027,Product database,Brickset lists as 2027 and not yet released; product name not disclosed
Family / LEGO,Botanicals,LEGO 11535-1 (name TBA),LEGO,2027 TBA,Announced,,11535-1,Global,https://brickset.com/sets/year-2027,Product database,Brickset lists as 2027 and not yet released; product name not disclosed
Family / LEGO,Botanicals,LEGO 11536-1 (name TBA),LEGO,2027 TBA,Announced,,11536-1,Global,https://brickset.com/sets/year-2027,Product database,Brickset lists as 2027 and not yet released; product name not disclosed
Family / LEGO,Botanicals,LEGO 11537-1 (name TBA),LEGO,2027 TBA,Announced,,11537-1,Global,https://brickset.com/sets/year-2027,Product database,Brickset lists as 2027 and not yet released; product name not disclosed
Family / LEGO,Minecraft,LEGO 21599-1 (name TBA),LEGO,2027 TBA,Announced,,21599-1,Global,https://brickset.com/sets/year-2027,Product database,Brickset lists as 2027 and not yet released; product name not disclosed
Family / LEGO,Minecraft,LEGO 21600-1 (name TBA),LEGO,2027 TBA,Announced,,21600-1,Global,https://brickset.com/sets/year-2027,Product database,Brickset lists as 2027 and not yet released; product name not disclosed
Family / LEGO,Minecraft,LEGO 21601-1 (name TBA),LEGO,2027 TBA,Announced,,21601-1,Global,https://brickset.com/sets/year-2027,Product database,Brickset lists as 2027 and not yet released; product name not disclosed
Family / LEGO,Minecraft,LEGO 21602-1 (name TBA),LEGO,2027 TBA,Announced,,21602-1,Global,https://brickset.com/sets/year-2027,Product database,Brickset lists as 2027 and not yet released; product name not disclosed
Family / LEGO,Minecraft,LEGO 21603-1 (name TBA),LEGO,2027 TBA,Announced,,21603-1,Global,https://brickset.com/sets/year-2027,Product database,Brickset lists as 2027 and not yet released; product name not disclosed
Family / LEGO,Minecraft,LEGO 21604-1 (name TBA),LEGO,2027 TBA,Announced,,21604-1,Global,https://brickset.com/sets/year-2027,Product database,Brickset lists as 2027 and not yet released; product name not disclosed
Family / LEGO,Minecraft,LEGO 21606-1 (name TBA),LEGO,2027 TBA,Announced,,21606-1,Global,https://brickset.com/sets/year-2027,Product database,Brickset lists as 2027 and not yet released; product name not disclosed
Family / LEGO,Duplo,LEGO 30737-1 (name TBA),LEGO,2027 TBA,Announced,,30737-1,Global,https://brickset.com/sets/year-2027,Product database,Brickset lists as 2027 and not yet released; product name not disclosed
Family / LEGO,Creator,LEGO 30739-1 (name TBA),LEGO,2027 TBA,Announced,,30739-1,Global,https://brickset.com/sets/year-2027,Product database,Brickset lists as 2027 and not yet released; product name not disclosed
Family / LEGO,City,LEGO 30744-1 (name TBA),LEGO,2027 TBA,Announced,,30744-1,Global,https://brickset.com/sets/year-2027,Product database,Brickset lists as 2027 and not yet released; product name not disclosed
Family / LEGO,City,LEGO 60513-1 (name TBA),LEGO,2027 TBA,Announced,,60513-1,Global,https://brickset.com/sets/year-2027,Product database,Brickset lists as 2027 and not yet released; product name not disclosed
Family / LEGO,City,LEGO 60514-1 (name TBA),LEGO,2027 TBA,Announced,,60514-1,Global,https://brickset.com/sets/year-2027,Product database,Brickset lists as 2027 and not yet released; product name not disclosed
Family / LEGO,City,LEGO 60515-1 (name TBA),LEGO,2027 TBA,Announced,,60515-1,Global,https://brickset.com/sets/year-2027,Product database,Brickset lists as 2027 and not yet released; product name not disclosed
Family / LEGO,City,LEGO 60516-1 (name TBA),LEGO,2027 TBA,Announced,,60516-1,Global,https://brickset.com/sets/year-2027,Product database,Brickset lists as 2027 and not yet released; product name not disclosed
Family / LEGO,City,LEGO 60517-1 (name TBA),LEGO,2027 TBA,Announced,,60517-1,Global,https://brickset.com/sets/year-2027,Product database,Brickset lists as 2027 and not yet released; product name not disclosed
Family / LEGO,City,LEGO 60518-1 (name TBA),LEGO,2027 TBA,Announced,,60518-1,Global,https://brickset.com/sets/year-2027,Product database,Brickset lists as 2027 and not yet released; product name not disclosed
Family / LEGO,City,LEGO 60519-1 (name TBA),LEGO,2027 TBA,Announced,,60519-1,Global,https://brickset.com/sets/year-2027,Product database,Brickset lists as 2027 and not yet released; product name not disclosed
Family / LEGO,City,LEGO 60521-1 (name TBA),LEGO,2027 TBA,Announced,,60521-1,Global,https://brickset.com/sets/year-2027,Product database,Brickset lists as 2027 and not yet released; product name not disclosed
Family / LEGO,City,LEGO 60526-1 (name TBA),LEGO,2027 TBA,Announced,,60526-1,Global,https://brickset.com/sets/year-2027,Product database,Brickset lists as 2027 and not yet released; product name not disclosed
Family / LEGO,City,LEGO 60527-1 (name TBA),LEGO,2027 TBA,Announced,,60527-1,Global,https://brickset.com/sets/year-2027,Product database,Brickset lists as 2027 and not yet released; product name not disclosed
Family / LEGO,City,LEGO 60528-1 (name TBA),LEGO,2027 TBA,Announced,,60528-1,Global,https://brickset.com/sets/year-2027,Product database,Brickset lists as 2027 and not yet released; product name not disclosed
Family / LEGO,City,LEGO 60530-1 (name TBA),LEGO,2027 TBA,Announced,,60530-1,Global,https://brickset.com/sets/year-2027,Product database,Brickset lists as 2027 and not yet released; product name not disclosed
Family / LEGO,City,LEGO 60532-1 (name TBA),LEGO,2027 TBA,Announced,,60532-1,Global,https://brickset.com/sets/year-2027,Product database,Brickset lists as 2027 and not yet released; product name not disclosed
Family / LEGO,City,LEGO 60533-1 (name TBA),LEGO,2027 TBA,Announced,,60533-1,Global,https://brickset.com/sets/year-2027,Product database,Brickset lists as 2027 and not yet released; product name not disclosed
Family / LEGO,City,LEGO 60534-1 (name TBA),LEGO,2027 TBA,Announced,,60534-1,Global,https://brickset.com/sets/year-2027,Product database,Brickset lists as 2027 and not yet released; product name not disclosed
Family / LEGO,City,LEGO 60535-1 (name TBA),LEGO,2027 TBA,Announced,,60535-1,Global,https://brickset.com/sets/year-2027,Product database,Brickset lists as 2027 and not yet released; product name not disclosed
Family / LEGO,City,LEGO 60536-1 (name TBA),LEGO,2027 TBA,Announced,,60536-1,Global,https://brickset.com/sets/year-2027,Product database,Brickset lists as 2027 and not yet released; product name not disclosed
Family / LEGO,City,LEGO 60539-1 (name TBA),LEGO,2027 TBA,Announced,,60539-1,Global,https://brickset.com/sets/year-2027,Product database,Brickset lists as 2027 and not yet released; product name not disclosed
Family / LEGO,City,LEGO 60541-1 (name TBA),LEGO,2027 TBA,Announced,,60541-1,Global,https://brickset.com/sets/year-2027,Product database,Brickset lists as 2027 and not yet released; product name not disclosed
Tech,Phones,Apple foldable iPhone / iPhone Ultra,Apple,2026-09,Expected,,,Global / varies,https://www.tomsguide.com/phones/iphones/apple-iphone-18-event-all-the-new-products-expected-to-launch-in-september,Reported roadmap,Expected reveal; naming not confirmed
Tech,Audio,AirPods Ultra,Apple,2026-09,Expected,,,Global / varies,https://www.tomsguide.com/phones/iphones/apple-iphone-18-event-all-the-new-products-expected-to-launch-in-september,Reported roadmap,Reported possible September launch
Tech,Smart home,HomePod mini 2,Apple,2026-09,Expected,,,Global / varies,https://www.tomsguide.com/phones/iphones/apple-iphone-18-event-all-the-new-products-expected-to-launch-in-september,Reported roadmap,Reported possible September launch
Tech,Wearables,Fitbit Air (India),Google Fitbit,2026-10,Confirmed,,,Global / varies,https://timesofindia.indiatimes.com/technology/tech-news/google-fitbit-air-india-launch-in-october-company-confirms-all-you-need-to-know/articleshow/133212042.cms,Company confirmation reported,India launch confirmed for October 2026
Fragrance,Celebrity,In Ha Mood,Ice Spice,2026,Announced,,,Global,https://www.elle.com/beauty/makeup-skin-care/a73457593/ice-spice-in-ha-mood-fragrance-launch-interview-2026/,Release roundup,Upcoming/new fragrance listing
Fragrance,Designer,Tease Strawberry Bisou,Victoria’s Secret,2026,Announced,,,Global,https://scentadvice.com/new-releases/,Release roundup,Upcoming/new fragrance listing
Fragrance,Niche,Oud for Grace,Initio,2026,Announced,,,Global,https://scentadvice.com/new-releases/,Release roundup,Upcoming/new fragrance listing
Fragrance,Niche,Arabian Mate & Knight’s Tour,Mind Games,2026,Announced,,,Global,https://scentadvice.com/new-releases/,Release roundup,Upcoming/new fragrance listing
Fragrance,Designer,Miss Dior EDP (2026),Dior,2026,Announced,,,Global,https://scentadvice.com/new-releases/,Release roundup,Upcoming/new fragrance listing
